customer_id,gender
10928546,1
69348468,1
61009479,0
74045822,0
27979606,1
44160317,1
36008593,0
48111232,1
82609845,0
60046355,1
96751727,0
83715039,0
67193294,0
92766561,1
5689927,0
17038281,0
34174139,0
402290,0
24553371,0
20505443,0
93914512,0
26159801,0
94069501,0
34247605,0
37141133,0
63929380,0
8619476,0
77171868,0
87373794,1
57486854,0
81513101,0
16422350,0
20421046,1
62533123,0
1094663,1
97098016,1
9708480,1
79321784,0
57746497,1
55477562,1
83629946,0
8612909,1
67382369,0
83851361,1
10493682,0
79496375,1
27868636,1
40722638,0
50647057,0
19087930,1
53393963,1
58629398,0
48180760,1
11542491,0
4024330,0
70227980,0
44642438,1
2658384,0
98222191,0
99024172,1
75328477,1
16240272,1
44353987,0
96367039,0
38949486,1
79155704,0
60034294,0
74751262,0
18889791,0
39435977,0
17793655,0
36622596,0
99563406,1
5202939,1
49637214,0
24567813,1
41289285,1
97676287,1
21205194,1
50706604,0
18694042,0
15701539,1
52976855,0
73933347,0
16404236,0
80524003,1
83571433,0
44223937,0
12660882,0
70768141,0
75225096,0
36056980,0
60042933,0
66368134,1
72045112,0
30605495,1
87502549,1
24467923,0
39975016,0
20352442,0
75282650,0
2548573,1
53556576,0
21044517,0
83391046,0
39848739,0
65411135,0
5306200,1
73021118,0
75888217,0
75610771,0
31505410,0
418693,0
39186764,0
33394172,0
51639842,0
73355686,0
69065209,1
33008397,1
615526,1
52787907,0
6794075,0
57643619,1
50167807,1
46449412,0
99911226,0
29766846,0
68018851,0
2889863,0
68334543,1
71188696,0
95891468,1
67087806,0
45728264,1
28209124,0
14100143,1
68449618,1
87110807,0
47862820,0
23910067,0
281727,1
33605846,1
93031933,0
68050945,0
95696045,1
47314303,0
69279297,0
82890368,0
12652859,0
70490446,0
78603934,1
48730144,1
48447048,0
77326951,0
82226539,0
3938989,0
74504524,1
16751713,0
13893103,1
93523674,0
21650358,0
52114084,1
68003889,0
5021691,1
15955193,0
24497218,1
12739123,0
37586404,0
12987697,0
71547641,1
32327379,0
92148250,0
99673663,0
12997681,1
18828201,0
39002460,0
54365767,1
52665452,0
54250589,1
92244512,1
41666340,1
92055019,0
18072028,0
26865893,0
4775887,1
81181832,1
69909483,1
36444703,0
81294046,1
84580615,0
83729700,0
40034321,1
11267999,0
16984655,1
98640445,0
47572617,1
20711131,0
16410393,0
54783576,0
12746283,0
92337108,0
74101940,1
50183949,1
78291801,0
14362107,0
33804848,0
79091959,1
69702084,0
49188073,1
99074102,0
6966209,1
86819230,0
11994958,0
36642100,0
23652302,0
73117800,1
52541358,0
35699164,0
23194817,0
31613863,0
68833534,1
71827865,1
45431782,1
75915257,1
26344467,1
91512720,1
61912590,0
35617442,0
5808030,1
76804274,0
41600750,0
32718661,0
91330600,1
99048480,1
80288115,0
36611764,0
46653901,0
21928402,0
9055616,0
55923386,0
76149190,1
35819316,0
23147675,0
99999680,1
52267133,1
96819546,0
47765941,1
35640160,0
39262084,1
73215364,0
76563396,0
6915116,0
12239681,1
72446283,0
62735787,0
60808677,1
26996112,0
26392084,0
56309305,0
19158728,1
52597818,1
25460787,0
86719987,0
44965738,0
5418695,0
571978,1
44848119,1
41993000,0
84282939,0
82312406,0
28550386,0
96734400,0
48285503,0
50155612,1
91973819,1
70475688,0
97631974,0
58615216,1
14548818,0
97513532,0
45723574,1
41750378,1
55804409,1
85068765,0
85745529,1
47994079,0
89608665,0
46416045,0
44124460,0
17670150,1
30334335,1
1394168,1
66572743,0
27813466,0
39944012,0
75825876,0
94968016,1
22954574,0
85886762,0
70610300,0
26529456,0
69685927,0
90009918,0
54424754,1
72430723,1
53253983,0
34757571,1
80378441,0
60384959,1
89473077,1
70668898,1
32087727,0
82950081,0
82382602,1
14212610,0
69859713,0
52084036,0
547551,1
48434170,1
33455666,0
73924399,1
9406402,1
68566919,0
9030676,1
50559876,1
93209091,0
87474247,1
31099458,0
66336866,0
99581668,0
96118953,0
49330434,0
70466873,1
85373071,1
89434545,1
15570959,0
19787819,1
27391443,0
85459902,0
83298429,0
9108377,1
71418107,0
71083746,1
50940,0
45148188,0
27116193,1
98800312,1
90885347,1
5307689,0
41980781,1
34157582,0
44391595,0
62713498,0
71979180,1
21580278,1
7292705,1
43756578,0
25646885,1
9978856,0
44963302,1
75050874,0
23446972,1
4641952,0
15621179,1
69573049,0
94671654,0
7771402,0
79751608,1
53602776,1
62106307,1
45437793,0
31096798,0
86009970,1
98949813,0
51365148,0
86037173,0
71627415,0
44308350,0
90286964,1
56515142,0
82454158,1
84712006,0
11627221,1
81296606,0
73125353,0
70495971,1
39122979,0
22972994,0
79027525,1
40322205,0
42145577,1
3467492,0
64196239,0
43261387,1
80345852,0
1579633,0
58841091,1
64075663,0
84883063,1
65477485,0
63934272,1
23859872,0
16662809,0
79534606,1
37872259,1
62527163,0
79166625,0
24243511,0
1380455,0
23527097,0
85310807,1
11341232,1
4870185,0
26690755,1
96699770,0
78501857,0
70458117,1
30861480,0
44516482,0
29718406,0
68516664,0
40651290,0
4758274,0
39225619,0
21576249,0
63387697,0
40635820,1
3132026,0
39510825,0
67199676,0
54759922,0
73108951,0
41250878,0
29202812,0
80185881,0
59649472,1
50546311,1
5919289,1
60293458,1
96548394,0
95889057,0
75010969,0
56630485,0
41503919,0
50781023,0
56600804,0
28064405,1
87117060,1
94432656,1
2134142,0
24338730,0
11062726,1
9118054,0
93507430,1
40824471,1
36996359,0
26419099,0
80064014,0
50723196,0
78914047,0
98130398,1
45619328,1
8114521,1
51349760,1
69191136,0
2400211,0
24753950,0
35490790,1
26604313,1
82199578,1
11291751,0
9673243,1
54980632,1
98005968,0
38311906,1
68312764,0
55004652,1
84930140,0
20220651,0
36154830,1
93265038,1
59438753,0
555494,1
10521111,0
53084290,1
20427207,0
80931561,1
27039326,1
1888728,1
52129448,0
62181901,1
91791462,1
74298343,0
9353024,1
91583195,0
52097627,0
48709595,0
30217532,0
37291325,0
30017172,1
99606031,0
85356418,1
91473563,1
16224951,0
76873019,1
83005415,1
35274437,0
61717757,0
30150009,0
37893259,1
47328174,1
25998489,1
27475547,0
15555810,0
54433534,1
50853691,1
73579890,0
69323066,0
18480529,1
58674955,0
7598703,1
9442456,0
46212948,0
67518654,0
44676756,0
27979294,0
83922170,1
1096220,1
95074221,0
89945711,0
79714704,0
56158977,1
63020711,1
83866773,0
57126993,0
94599685,0
50157498,0
43212257,0
78203753,1
85538763,1
48288703,0
54053900,1
68277946,0
36996495,1
78855685,1
90233782,0
19511282,1
78490146,0
26070862,1
50548386,0
68605036,0
1702393,0
75955805,1
59545596,1
41045682,0
42754565,1
79176394,0
87550753,1
52444861,1
78235796,0
82757763,1
76762172,1
36658234,0
69435148,0
7588127,1
28431923,0
49635827,1
89210806,1
66147149,1
67755456,1
49013605,0
9156029,1
98737987,1
14005433,0
6443703,0
51886915,1
86387909,1
67807920,0
51984223,0
72305515,0
60251270,0
22698869,1
40509142,0
52910636,1
8071073,1
12280482,0
87372275,0
3585421,1
71095927,0
35568840,0
80152207,1
19950741,1
49714269,1
68235748,1
87976786,0
36961762,0
51488456,1
55241935,1
35589068,0
65568801,1
20590772,0
97195495,0
11186103,0
41434409,0
14969345,0
115617,1
64543174,1
11316922,0
78215370,0
96495568,0
75199858,1
18527429,1
73798990,1
59237235,1
47076031,1
34026271,0
9002442,1
44735517,0
56840048,1
73269680,0
59267013,0
87819773,1
32133654,1
16764721,1
95280153,0
68679782,0
50790469,1
65393640,1
22119757,1
20200083,1
99834424,0
20091859,0
85931862,0
90145416,0
76826009,0
59660392,0
64988012,1
81327243,1
483137,1
51648628,0
13833761,1
89080700,0
91073908,0
93715144,1
9742039,1
24020136,0
27578149,1
48618305,0
2258783,0
11971296,0
74944537,0
39718714,1
76294176,1
74503949,1
7351769,0
22217466,1
88709355,0
42700468,0
2208164,0
54436720,0
57124290,0
93089398,0
11204688,1
26474729,1
13595171,1
90330427,1
83249956,0
60412759,1
87193386,0
43819034,0
65762424,1
82173531,0
1692635,1
6323787,1
32378173,0
2132230,1
98555710,1
56681140,0
87136107,1
13067380,1
83873329,0
93387124,0
48075002,0
4342236,0
68222821,0
32581995,1
85435853,0
6087150,1
95204601,1
56315843,1
11203768,0
32765525,1
58399277,1
39117540,0
22511212,1
27903607,1
75580356,0
96542499,1
27427136,0
12548616,0
17889916,1
62008087,1
83831763,0
2712467,1
82955373,0
25966874,1
76437801,0
78012586,1
79844656,0
7065498,1
84044926,0
37854469,0
87381748,0
8954870,0
81035597,1
9711806,0
58877868,1
41951078,1
27786863,0
27495141,0
1289086,1
80432221,1
68794901,1
62138009,1
80331661,0
86987521,1
57784143,0
50098039,0
94222898,0
74231213,1
15627664,0
94585085,0
33468665,0
14123690,0
13584223,0
23349119,0
28565033,1
81479064,1
59470284,1
47375053,1
15939752,0
35757799,0
97631536,0
34360380,0
17350935,0
68978319,0
20140418,0
70380464,1
5071786,1
4008554,1
89176508,0
84245041,0
48980306,1
16631698,1
41074720,1
82840746,1
83986464,1
55609842,1
37552596,1
84340954,0
13431113,0
3641050,0
22774372,0
16480850,0
96947994,0
85187996,0
16810200,0
78940625,0
20729045,1
66473821,0
60576214,0
83920506,0
94509476,0
19641265,0
52701647,1
9119707,0
75346132,0
15965494,1
41543488,1
18629075,1
34830199,0
17441830,0
43637901,1
49235515,1
82585308,0
55272630,0
98069246,0
20762675,0
62161840,1
77000135,1
31719348,0
34356731,0
43930859,0
33893695,0
82479679,1
32706955,0
25113404,1
35540196,0
83400171,0
93882392,0
97348711,0
86004635,1
82406113,0
83038642,1
45956004,0
56308717,0
60048863,0
23102041,1
94885326,0
96669381,0
90332495,0
40551322,1
8333280,1
11449729,0
63878148,0
7927648,1
368517,0
13077345,1
21376002,0
44210124,1
10064386,0
71813116,0
39224801,1
74322423,0
41016531,0
77241644,1
95782907,1
5367780,0
84980957,0
57413819,1
32072106,0
44451498,0
24524890,0
41446597,1
46617094,1
31167297,1
47941379,0
62607193,0
4755538,0
84007462,0
32250197,1
1510234,0
72555006,0
49530061,0
44110479,0
70437097,0
56801281,0
63965959,1
63305351,1
65035676,0
12241429,1
17352837,0
79958341,1
76222234,0
26527914,1
41223923,0
79686538,1
17923253,1
60198200,0
86827826,0
32478197,0
87712186,1
8224467,1
85917235,0
62220757,0
43383714,0
90429560,0
568609,1
79944617,0
8542206,1
73164708,1
43227357,0
39865688,0
20002218,1
23308319,0
28270562,0
4309673,1
1567274,1
64701057,1
76858175,1
68416873,1
30754324,1
88791777,0
77426468,1
25113046,1
52460589,1
91309582,1
74388051,1
14894393,0
28954627,1
85185644,1
68356021,0
39191321,1
84067450,1
50829081,1
8834477,0
82057183,1
89222217,0
94374717,1
84023495,0
33492988,1
53560753,1
90209156,1
50106986,0
46557366,0
66274097,0
26240933,0
27390371,0
65488357,0
39742563,1
84499561,0
78773787,1
18630870,1
58573553,0
20679518,1
65183612,0
24902845,1
51998915,0
29281146,0
2261311,0
63579862,0
47981532,0
39357161,1
38679759,0
19581953,0
25497358,0
46443761,1
83542934,0
52808914,1
31568333,0
41227639,0
60550296,0
89357251,0
50175595,1
34075015,1
64504832,0
82363585,0
39577592,0
23316462,0
61144234,1
74298839,0
44445893,0
69324145,1
87385529,0
791643,1
58287137,0
43570395,1
43965739,0
66731320,1
33636159,0
409257,1
50212809,0
82247147,0
86688057,1
87209446,1
64342204,1
27034273,0
55173912,0
44595753,1
45995180,0
84199917,1
77587776,0
7418478,0
58825283,1
8251515,0
8557916,1
64026953,0
60301744,0
8189454,0
40224781,0
95076465,1
38591936,1
83510129,0
57097583,1
78115851,1
1571169,0
46245791,0
81698208,0
54920864,1
88355759,1
84906776,1
86227647,1
96015043,0
59552097,1
78360368,1
63054177,1
13318961,0
95312022,1
36899629,0
33919847,1
51879278,0
50350048,0
31394137,0
44463692,0
13777610,1
57163214,0
77567092,0
3576146,1
46330016,0
78570232,1
93713843,1
4763823,1
21217132,1
73028403,0
19415800,0
1238197,1
99501605,0
95321345,1
8268076,1
59769662,1
94551267,0
39093269,0
86988270,1
74262568,0
56218066,1
53395,0
6596740,0
21594302,0
43372185,0
42260184,0
77438414,0
60462258,0
25627954,1
87557584,1
98404097,1
29631690,1
13025490,1
58680758,1
61546226,0
84500326,0
86770066,0
75671273,1
48413853,0
53371667,0
56680038,1
35651042,0
94292971,1
17992634,0
18350404,0
69073376,0
27455685,1
42581125,1
63721223,1
350821,0
81771709,0
97077599,0
97939304,0
82277885,1
41487480,0
189257,1
48033616,0
44663000,0
76053807,0
18912624,1
83228517,1
86196205,0
91964839,1
59003658,1
82262943,0
82235884,0
58598492,0
54339143,0
36460428,1
39954457,0
56982439,1
11107679,0
43732528,0
43791164,0
70132417,0
23671549,0
4033578,0
48741370,1
41756011,1
66349382,0
43597122,0
34846340,0
92692871,0
56387802,1
20917387,0
8611938,0
84639734,1
7168161,0
94962020,0
24979547,0
35484006,1
62022171,0
51257018,0
82850833,0
84588633,1
25636639,0
73688170,0
12374003,0
67406385,0
83869978,0
92326906,0
15103892,0
38371802,0
63753335,0
53105363,0
15250320,1
61451968,1
42443180,1
5443235,1
27246411,1
59120963,0
39157536,1
16538259,0
33687248,0
24338357,0
45894000,1
58440474,0
19330058,1
69076195,1
61276826,0
66653810,0
67989878,1
66739958,1
61208146,0
8114551,1
57230593,0
75330352,1
49603445,0
52337939,1
70029605,0
91723884,1
52973391,1
48140681,0
95553341,1
76245502,1
85907961,0
82318809,1
9534903,0
35556833,0
72375056,0
50481996,0
8189528,1
91320336,0
66078283,0
88278381,1
45928448,0
39762893,0
65278638,0
86665789,1
41426070,0
72097563,0
61542377,1
86247579,1
60711627,1
28006767,0
14025913,0
72596532,1
47025283,0
95115712,1
69841419,1
14360608,0
78942947,1
70858420,0
44818928,0
18982540,1
97816608,1
92559778,1
58631073,0
94925644,0
35059129,0
38056372,0
10565884,0
14001176,1
62895171,0
37266132,1
50914567,1
54998640,0
29481052,1
4132055,0
65356478,0
55772150,0
26847016,1
40944313,1
58046901,0
16381650,0
62856375,0
62225605,1
32968215,0
36526823,1
43777193,1
4416498,0
56282562,0
71591742,1
72095061,1
80917162,0
78878144,1
71942984,0
49836853,0
79716246,1
80435602,1
95108573,1
4093391,0
22977488,1
18399534,0
91375312,1
87857162,0
83434674,1
14238559,0
4611165,1
5392349,0
17732156,0
95481247,0
45384246,1
51153716,1
78336819,0
91647754,0
46851940,0
886850,1
65473458,0
78156500,0
42857274,1
8483940,0
66216815,1
14490414,0
53470814,1
52228883,0
64080161,0
75141992,0
62547124,1
90994943,0
99725094,1
54962601,1
34609265,1
72614307,1
77442945,0
14720054,0
17327321,1
7519952,0
41347113,0
95803225,1
32970687,0
10353051,1
34107918,0
64043233,1
59986494,1
2027135,0
92877183,0
18550241,1
99241296,1
93059008,0
48555373,0
72717967,0
51680121,0
72226124,1
51792398,1
38760997,0
34788345,0
45415313,1
47653609,1
58370439,0
23136235,1
96267319,1
46656732,0
18333711,0
57513608,1
77399643,1
26784622,1
88105814,0
47975972,0
34313136,0
3664058,0
44555523,0
2953031,1
94381868,1
66483256,1
20357100,0
58361655,0
96995832,0
73430259,1
31930464,0
14231524,0
683284,1
17194012,0
84876373,1
89729753,1
78077934,0
83494724,1
23462825,1
54138582,1
10596896,1
92309179,1
20047434,1
31142279,1
47734912,0
20306146,0
87502946,1
70909336,1
41408368,0
43660285,0
57231405,0
374768,1
42246349,1
32594337,0
84801428,0
73334791,0
10056437,1
72286950,0
84678121,1
76873751,0
87850297,1
53418806,0
27932623,1
91293742,0
93220464,1
70811563,0
43653980,1
70599086,1
91935610,0
76097971,1
64878557,0
82729307,1
78911505,0
98441103,0
90591079,0
25132163,1
35245068,1
90715593,1
54584863,1
42872451,0
23562370,1
78802734,0
91761612,0
95483363,1
30739309,0
51212318,1
68511053,0
68493838,0
46869540,1
44170453,1
16576146,0
87904457,1
33790132,0
2452546,0
26803238,1
54403710,1
11703306,0
53228982,1
52730916,1
6324026,1
56093439,0
34023430,0
84213038,0
80892355,0
91986183,1
43875957,0
62071738,1
99537776,0
21305838,0
73026170,0
31682096,1
21988907,1
89934397,0
50647626,1
92906966,0
35574385,0
67071515,1
24022030,0
98205722,1
70066447,0
62277942,0
65588133,0
81092932,1
65238800,0
17471011,1
26047380,1
93698913,0
12001537,0
96643604,0
24796552,0
87113643,1
9659888,1
16936202,1
8812290,1
88337333,1
13440692,1
11281442,1
37272191,1
17181384,0
28826674,0
35593140,0
57847078,0
86236552,0
35342525,1
93011179,0
10324267,0
95178313,0
63009289,1
37837806,1
73605230,0
22111039,1
92873935,0
11175443,0
73931370,0
92322336,1
21349519,0
39759928,0
71128442,1
68673406,0
21574386,0
81790042,1
90276425,0
92674191,1
34264202,1
88850073,1
22410683,1
89116468,0
99302313,1
23793742,1
31346129,1
37088614,1
65550669,0
53410208,0
37616739,1
77156888,0
2108826,1
10246339,1
18880490,1
10303548,1
67397421,0
75832578,1
27621094,0
79261285,1
32301971,0
12269528,1
15254951,0
61739552,1
79555354,0
48405962,1
46105863,1
83489279,1
34848455,0
95890287,0
46431440,0
58457953,1
63953233,0
9869167,0
18418576,1
80858945,1
62967295,1
90292087,1
86997978,1
93478792,1
5926636,0
34246117,0
40935946,0
68091371,0
3874769,0
97170864,0
79563110,1
77925382,0
38034239,1
43582036,0
59567939,0
12325802,0
32544958,0
63862868,1
72749791,1
24784802,0
77275638,1
69315957,1
52482165,0
49148603,0
46579237,1
37274803,0
361458,1
66352696,0
88269777,1
60428201,0
88656506,1
71936160,0
86755562,1
7981404,0
63839241,1
18291913,0
17797588,0
56000545,0
52337561,1
67555827,1
85284751,1
24285751,1
18074104,1
74599819,1
39795338,1
50324379,0
40508730,0
52859730,1
53543155,0
99388499,0
39932626,1
8734937,0
10467007,0
83108440,0
40133271,0
76068532,1
60860575,1
12678319,1
78044629,0
75248245,1
79803584,1
63140042,1
85952372,0
28564485,0
99882949,0
32693947,0
77942049,0
98711881,1
83271538,0
63109852,0
53397421,1
30019753,0
65589142,0
37160920,1
33152392,1
771111,0
98178300,0
26118785,1
32805864,1
51099815,0
35191315,1
37211113,0
1826000,0
30528720,1
46396039,0
59566967,0
33799672,0
96099177,1
61149133,0
9794224,0
22882112,0
36980858,0
53561226,0
6766644,0
95754410,1
15474511,0
98861163,0
94140855,0
48751972,0
48621241,0
58584278,1
57469500,0
26585049,1
59583275,0
86169927,0
81417143,0
96829475,1
41436755,1
20061022,0
71236168,0
93894881,0
95747928,0
27716148,0
21845362,0
57283046,0
39576818,0
24622548,0
98326437,1
68643191,1
308038,0
85761358,0
40417888,1
98918956,0
22252394,0
56579877,0
66075103,0
38490599,1
85781818,1
83436874,0
68253309,1
32660482,1
54725546,1
76584911,0
35890369,0
5385816,0
32317349,0
15926326,1
65965836,0
62145393,1
62688371,0
83960862,0
74063285,0
9598077,0
98397399,0
85056040,0
29129514,1
99789834,0
69368128,0
2474434,1
65475647,0
177299,0
53922199,1
29346017,0
58623149,0
50397574,0
40810270,0
90935269,0
68999916,0
77317237,0
56694753,0
7927145,1
1210592,0
87650351,1
29914763,0
49876918,0
57995454,0
6352651,0
97175105,1
70603698,0
15223932,0
46360820,1
97574052,1
26511631,0
86297262,1
40917212,0
69366360,0
47938988,1
7654410,0
58169630,0
21638457,0
51596978,0
28316399,1
47836515,0
22736056,1
14132470,0
84296161,0
1322942,1
85952401,1
33199073,0
12406425,0
31704839,1
42187420,1
97753724,1
8413983,0
561689,1
97799588,1
5216946,0
51487162,0
32642404,0
94065655,1
15847268,0
81807105,0
93741697,0
55201931,1
55970380,1
73847071,1
47995959,1
38507678,1
71906343,1
11831433,0
30627668,1
32696795,0
33239756,1
65141564,0
87108538,0
51890036,0
69197914,0
73597952,1
91386761,0
23549229,0
4401604,1
80434437,0
26108972,0
99468407,1
70327700,0
50308775,0
50935035,1
15444986,1
47736518,0
51709620,1
47838429,1
14652932,1
4079550,0
62830614,1
89116031,1
22684975,0
61495918,0
56636675,1
98592314,0
61205849,0
91837362,0
54217274,0
784349,1
23170258,1
50446331,0
30060971,0
9511061,0
65221973,1
93176546,1
98015096,0
39703764,0
17208030,0
5587263,1
55241651,1
51820675,0
49644781,1
12058501,1
70213046,1
46147743,1
24875246,0
33135912,0
10966995,1
54982271,1
75500611,0
91377213,0
52628322,1
8144041,1
61223918,0
76599235,0
32646822,0
14104717,0
54887447,1
26529792,1
78076605,1
64627741,1
64960269,0
85518423,1
42589434,1
27616717,0
67294324,1
75599721,1
29309139,0
38743206,1
71931448,0
74334566,0
91619045,1
50079853,0
74693419,1
63864494,0
81721230,1
16587646,1
62318364,1
18992359,0
15039371,1
22885925,0
13170353,1
6522539,0
43018886,1
69735462,0
71787383,0
79028770,1
15523078,1
54510549,1
86740634,0
75757132,1
35321395,0
81738156,0
30791828,0
93323663,1
81548209,1
50127267,1
72035996,0
26037329,0
78971194,1
43099100,1
340557,1
56434531,1
94258484,0
62752996,0
49706714,1
55995250,0
76044783,1
25812171,0
67162163,1
55785327,0
35645527,0
66031113,1
15160419,0
70857044,1
13888852,0
37563035,1
34970424,0
46354028,0
54821290,0
37800161,0
22450434,1
37729700,1
1461541,1
17360599,0
59034128,1
8738158,1
18073912,0
89691547,0
33005107,0
24946026,1
35920027,0
72592609,0
54250959,0
32782822,0
96063064,0
83467032,0
27395531,0
3393374,1
79434229,0
82461541,1
40198964,0
98379265,0
51028881,1
45106113,0
12822386,1
38020128,0
39651887,1
24879096,1
43214184,0
82819627,1
94693120,0
62758750,0
92283523,0
7229557,0
62236786,1
51111176,0
3684270,0
62448192,0
48253563,1
10026296,0
60510203,0
39746829,1
43726510,1
58468860,1
31667421,0
79673986,0
54083072,0
25590548,1
16144253,0
50089347,0
66753025,1
74250583,1
7039985,1
93600267,1
11373512,1
67320407,1
14939820,1
67035120,0
14219972,0
71547009,1
64266161,1
51799569,1
22042348,1
86670135,0
62691685,0
63600387,0
34927541,0
67228612,1
57897343,0
98481661,0
96913237,1
90094556,0
78089834,1
86845985,0
39797791,0
65728672,1
11613882,0
56327367,1
49391429,0
78214402,1
48583817,1
61928703,1
88053734,0
39809041,0
32349097,1
49722314,1
79818906,1
53120025,1
58669583,0
63066346,0
15436657,1
16191966,0
30552137,1
85783069,0
91871945,0
39934843,1
99807439,0
94846611,1
4022959,1
83604696,0
43253444,1
70804727,1
78236376,1
44869748,0
28658403,0
77651794,1
84605762,0
53576233,0
90975438,0
83688369,1
31610451,1
36425390,1
87299704,0
41592350,0
96966926,1
2851080,0
51786271,0
8918702,0
7675526,0
83349181,1
29815159,1
57660625,1
52653471,1
8454711,1
46004739,1
10720945,1
54391761,0
4622192,0
43821379,1
38896722,0
90917592,1
8025077,0
11071792,1
49257431,1
27573266,1
26679860,1
44510904,1
53907029,0
14029441,1
65683576,0
96750247,0
55503498,0
33115683,0
59688498,0
86805818,1
49793,1
38703880,1
94047137,0
98382788,1
11222990,0
46024442,1
66985706,1
48860137,0
76368949,1
95791843,1
6590445,0
81399705,0
95020322,1
50143188,1
75929349,0
68553737,1
76890188,1
28665838,1
67204016,0
17431962,1
92940149,0
96471458,0
72522161,0
36838245,0
66616905,0
9833492,0
33195838,0
10839610,0
40470980,0
35032736,1
59256372,1
58049487,0
59614249,0
50169658,0
12071388,1
34156704,0
41144715,0
64690140,0
29601353,0
87226453,1
40297008,1
94192485,0
39385780,1
28155269,1
43541091,0
29621741,0
67890598,1
69907295,0
31317727,0
66520469,0
71663162,0
51425306,1
43224908,0
89046659,1
36325942,0
57716662,0
42824084,0
24712099,0
8125810,1
7810466,1
43021222,1
54721273,0
97528284,1
99849205,1
84999717,0
24276565,1
85733088,1
98430195,0
89701672,1
30339031,0
85813585,0
36302293,0
77809947,1
88592689,0
15233857,0
80357050,0
73818041,0
97187801,0
32826090,0
20738775,0
28763320,0
76788213,1
47165855,1
34580811,1
55370884,1
84564690,0
80567667,0
47853460,1
68700668,0
8552161,1
78204059,0
37104923,1
93574409,1
3449730,1
41481189,1
6916371,1
44350155,1
89788126,1
11167057,1
30639857,1
16144518,0
80555736,1
69174409,0
29625170,1
66740873,0
46740820,0
96574694,0
24943791,0
96675064,1
89674632,1
21970231,0
85938961,1
67866618,0
39193827,0
55137023,1
98507645,0
71974747,1
57326587,1
24136554,1
37796079,1
51299910,0
43680461,0
94046100,0
26211677,0
96138803,1
72854087,0
34051333,1
95999722,1
99199448,1
13705197,0
86044364,0
59656984,0
66768506,1
3091059,0
38996102,1
90501931,0
11039185,0
29848943,0
28538040,1
23361847,1
5470193,1
98183206,0
64706705,1
71614062,0
77502597,1
52871849,0
96468329,1
53099781,1
63169332,0
32990408,0
22931716,1
70444371,1
26250094,0
42738927,0
52639072,0
64932205,0
82836263,1
44312909,0
73700735,0
66977616,1
55715208,1
64364067,0
71509838,0
23902289,0
61472440,1
20209104,1
59789740,1
6393719,0
76194528,0
94198426,1
66662997,0
33492424,1
4899457,1
3568140,1
84323633,0
10651006,0
25891851,0
13879262,0
41535730,0
51803334,1
73566207,1
44018988,0
68928446,0
59990971,0
64504493,0
77695202,0
54186907,1
50885447,0
55499341,0
27305636,0
88745997,1
45347884,0
7942300,0
97740786,1
99984336,1
94725495,0
2270070,0
95490909,0
19937446,1
86574718,0
42399340,1
65431683,0
59817474,0
58479570,0
76435561,0
52014427,0
49202608,0
25843453,1
12467102,1
33697972,1
44750536,1
12854702,1
61009235,1
78774857,0
96014871,0
71406146,0
6045735,0
50303489,1
41525260,0
37427561,1
75687592,0
69101708,1
28843862,0
35686784,0
25123154,0
6307377,1
76436579,0
94933997,1
8501277,1
87953844,1
5496106,0
65002627,1
31866630,0
53683015,0
58247825,0
35528109,0
14421509,0
55106423,0
4887844,1
59319576,1
78484785,1
41394223,1
91712452,0
67977687,0
42191549,1
81288145,1
28641319,1
9347211,1
75555017,1
6599408,1
52731798,0
46537261,0
92414156,0
53167255,1
84803089,1
27446461,0
23688907,0
53307951,0
24811752,0
57454957,1
44908094,0
35785472,1
78728657,1
66657662,0
92904640,0
39461665,1
88546834,1
47924325,0
61737103,1
70519205,0
82398260,1
95324294,0
24414430,1
30177386,0
8471690,0
30921497,0
40994389,1
38548792,0
59747945,1
73978190,0
22450717,0
3803237,0
67346982,0
84144771,1
34604158,0
63911920,1
55988942,1
56974053,1
54340304,1
45352924,0
80573470,1
27958506,0
35021302,0
17440302,1
77128216,1
53411904,0
66825031,1
9497605,1
96344869,1
11661930,0
99483281,1
74593159,0
90808332,0
71242860,0
46837651,1
17118781,0
81370389,1
58164080,1
40419612,1
58431934,1
11882317,0
39617803,1
41952471,1
99988578,1
41749270,0
30767842,0
39467745,1
86630396,0
11419740,1
18314837,1
97754568,0
56454954,1
77552433,1
9461916,0
70231421,1
44428158,1
45744186,1
91736163,1
92100571,0
77783074,0
89287721,0
95065294,0
25579809,1
86551409,0
24407970,0
91712486,1
30099451,1
66688816,0
80568382,1
46010539,0
99815733,1
91580852,1
76166609,0
96275770,1
81737336,1
16939122,0
73860528,0
521757,0
43575979,0
48881759,1
72481928,1
36130364,1
60469603,0
25899565,0
55674097,0
87824239,0
42799624,1
57205746,1
11077329,0
6912161,0
48539312,1
5188784,1
37954658,1
59067224,0
55547169,0
13791482,0
17285865,1
24511234,0
23336033,0
53135497,0
40967012,0
28280037,1
93686698,0
54431925,1
46882226,0
15104152,1
45912503,1
95390382,0
21546709,1
46617673,0
61974549,1
60348703,0
86556905,0
48463492,0
26226954,1
44164394,0
22862903,0
50331232,1
7710959,0
21705818,0
80741845,1
9558317,0
26388579,0
33122190,1
83108759,1
19864270,1
81900479,1
85855790,1
40036441,0
13786701,0
95721840,0
17880257,0
4860023,0
42661601,0
71557713,0
66591843,0
49639155,1
64598146,0
33968207,1
24054274,1
64198553,1
49587865,0
8128547,1
47259366,0
89291809,0
52676003,0
40302631,0
65149894,1
98868251,1
38077192,1
96279007,1
57949609,1
74025278,0
74992804,0
63497618,1
66712056,0
98115186,1
35802475,0
32194532,1
5153687,0
86351601,1
92624258,1
47481515,1
81305571,1
53239875,1
62606554,0
95362950,0
59157785,0
31096244,0
57112910,0
94054404,1
67157579,1
26916936,1
307854,1
36459476,0
12236336,0
50952165,0
13900192,0
86936217,1
13766028,0
63862735,0
48854362,0
6216558,0
26384480,1
63828136,0
86108730,0
92000553,1
52889445,1
96050224,1
93562787,1
94747849,0
51019913,1
86334201,0
60685784,1
47121754,1
71017308,1
46339648,0
59012522,0
83058739,1
89262911,1
81009032,0
79527571,1
24539263,1
86844071,1
57352697,0
76243795,0
9075126,1
64294802,1
45890327,1
93739946,1
22564064,0
24886460,0
93462786,1
31522441,0
56900745,1
52265392,1
7326967,0
9482428,1
77436906,1
38912501,0
84540241,0
27006853,1
59990431,0
81114736,0
33306832,0
4539433,1
23530657,1
72699441,1
98676889,0
93876250,0
34147053,1
50883761,0
93315648,1
38894045,0
65404471,0
91442236,1
44273504,1
87822979,0
21785327,0
45477365,1
61572210,1
21773817,0
83207218,1
55415375,0
81685314,0
25044249,1
97767998,1
43058834,0
81450459,1
17887190,0
64849998,0
84868903,0
43376245,1
37011448,0
77036138,0
53205452,1
68904789,0
3437627,0
6079821,0
14299428,0
37178548,1
95519854,0
13990747,0
28828236,0
19462028,0
68526161,1
91421127,1
62320055,0
9925050,0
95033943,0
9854677,1
88263718,1
85494277,0
54501045,1
53611444,0
61590766,1
88199460,1
65948703,0
29768535,1
71318930,1
559917,1
47578863,1
49117360,0
50452416,1
14672721,1
55073384,0
62297746,1
60296544,0
69160588,0
20116313,0
98223005,0
19655077,1
17081083,1
48433830,0
61764389,1
15455653,0
48510964,1
36024071,1
62247620,0
25655267,1
91219803,0
1828229,0
78308523,1
6222309,0
63497183,1
21283235,1
51166609,0
35825600,1
40218137,0
59875440,0
49856670,0
37134646,1
25578110,0
92949824,0
71966814,0
32377246,1
67444980,0
68346269,0
76440998,0
30393563,1
83706252,1
66380446,0
71348421,0
50337369,0
31367980,1
44339982,1
88953978,0
65773526,0
47917274,1
1893992,0
24711252,1
22970531,1
91174737,1
7822048,1
29982886,0
39557023,0
62025965,0
34706470,0
21239347,1
32393883,1
1122742,0
19645909,0
20545587,1
50796712,1
41755196,0
84365979,1
83212336,0
384494,0
39819120,1
83561383,0
47756783,1
66452033,0
61236438,1
74415632,0
3622602,0
85220654,0
62807869,1
60666238,0
17256393,0
36870445,1
96513118,0
7736277,1
94885774,0
69284349,1
36610379,0
46448575,0
61931318,1
20249071,0
78212002,0
29674480,1
77981085,1
47840826,0
90610152,1
43979678,1
63757881,1
99917144,0
20480882,1
52219061,1
97071507,1
18319720,1
59733395,1
74590997,1
4228839,0
47273305,1
69602101,0
3491578,1
35916400,0
33333541,0
58970569,1
73021553,0
89547703,1
71316366,0
98901610,1
9276986,1
64947376,1
98918648,1
6519857,1
35498425,1
27241373,0
84734182,1
25259924,0
63690311,0
18048133,1
31984797,1
40980777,0
87317286,0
81646318,0
93043169,0
3620801,0
9819899,1
47527335,0
2641592,0
60061070,0
95658180,1
82356324,0
3825193,1
18389379,1
84179112,1
84714077,1
38666640,0
6764684,0
3294989,0
39564093,0
60632738,0
32328212,0
58568712,0
18825101,0
68668303,0
95047101,1
66817404,0
60693557,0
80698386,1
55392310,0
77253263,0
35970002,0
58461952,1
73679203,1
34206554,1
68937660,1
92160474,1
77484761,0
1013842,1
91962436,0
92270122,0
48642979,1
11279612,0
87608341,1
45550463,0
22313840,0
79161738,1
27062076,0
59508159,1
73327628,1
94996148,0
40929420,0
16989126,0
13292327,1
11092914,1
47691222,0
91472082,0
63572702,0
71730765,0
60224433,0
27587727,1
2615105,0
85855131,1
43946706,0
72617996,0
49984494,1
58723167,1
43947581,1
69934694,1
20045161,0
29380413,1
25925222,0
14818582,0
8941778,0
92487753,1
32250029,1
70096504,0
5436414,0
76733132,0
91712844,0
440719,1
37035466,0
6231503,0
94102644,1
36118747,0
86236687,1
66580583,0
42532660,1
48327988,0
66302939,0
94104034,1
49486459,0
85421813,0
9982735,1
61842865,0
50426364,1
46040640,0
5198666,0
34997570,0
99214483,0
26594227,0
9978107,1
30237195,0
15208319,0
35713305,1
35497384,1
78773456,0
15854896,1
75342510,1
49971119,0
39796401,1
29812081,0
85456043,0
64647853,0
59483083,0
34636977,1
37648561,1
62693719,1
631701,1
81743693,1
54636579,0
76606773,0
98801178,0
49151639,0
93986992,0
77368600,0
76828813,0
78210149,1
50682717,1
52541686,0
90596843,1
91234727,0
82057938,0
85593106,0
12336680,1
50939708,0
42705235,0
48803462,0
71634960,0
68146409,0
94527967,1
46726266,1
14076810,1
67928733,0
63802992,1
44657056,0
42548101,1
15866910,1
14380708,0
94223016,0
22169732,1
84682613,0
88218615,1
71755027,1
24942584,0
44976221,1
60595260,1
52708285,0
51301561,0
61295884,1
8596353,1
77627283,0
22776912,0
6402276,0
5809907,1
91309816,0
6318309,0
67965650,1
14865801,1
31261707,1
69850002,1
11533763,1
41271099,0
69512179,1
98455704,1
97470709,0
35273632,0
47984117,0
66574653,0
41574395,0
49913122,0
8613826,0
79753092,0
50081041,1
39830996,1
30045054,0
25486274,1
56687390,0
4953958,0
11403503,1
48045861,0
55065582,1
67849656,0
9178598,1
89757351,1
83915896,0
80437697,0
71656498,0
39120112,1
57266601,0
94327666,0
50974750,0
42722953,0
9882523,1
75063019,0
14151691,1
65346193,0
80572800,0
46353127,0
88715182,1
87491758,0
36719500,1
16367483,0
37174970,1
30274942,0
46409917,0
37259044,0
98228698,1
34058602,0
62500435,1
25130933,1
54120270,1
30654137,0
74160301,1
97000670,1
63033201,0
36456978,1
74402957,0
24039351,1
51831793,1
68285639,1
17266117,1
71465339,0
8050601,1
42175599,0
14496242,1
41121283,1
68353108,1
34774411,1
53141110,0
52058205,1
37446344,0
30356216,1
31466611,0
49618966,1
19575687,0
73739372,0
69555949,0
21473936,0
63710536,0
51611278,0
54851979,0
44630611,1
49604546,0
75169373,1
63557480,0
71797886,0
33226593,0
99336283,0
85896879,0
54978125,0
98469940,1
84515014,0
71071203,1
72299597,0
77072333,1
24039668,0
60588851,1
36913684,1
7231587,0
87424789,0
66245004,1
27957212,0
93245257,0
29095564,1
99412328,0
28695784,1
59696507,1
87220200,1
77761666,1
17698586,0
49770197,1
18628974,1
85819996,1
96398263,1
88232920,0
81179196,0
72221356,1
89262096,0
52856344,1
24935096,0
8976003,1
17045471,0
54217162,1
82414063,1
26495360,1
19457731,0
97413399,0
95750568,1
18157127,1
25757734,1
50392639,0
25336182,0
67445225,1
1177962,1
74145038,0
9459005,0
70949223,0
34580044,1
97785840,1
85108219,0
8859845,0
6609708,0
32776178,1
573558,1
74630945,0
6461724,0
22882838,1
95389071,0
46145930,1
60151657,0
55118231,1
60991319,0
76879710,0
43813414,0
65686227,0
1338875,0
38951858,0
45488741,1
90011720,0
66587797,1
71493601,0
14544715,0
65985063,1
96717383,0
21668475,0
6507142,1
68838345,0
45887693,0
58478564,1
91082602,1
91656008,1
60721791,0
6572814,0
69158245,0
80243149,0
90851084,1
58245178,0
49233361,1
27501511,1
84086174,0
38499941,0
93078414,0
90332679,1
69481975,0
69873657,0
62220196,0
32051700,1
62756712,0
43506154,0
19896038,0
54892632,1
6186589,0
96089073,0
99160936,1
41822334,1
45229256,0
43073474,1
99915912,1
27730336,0
92860028,1
26870441,0
95035858,0
1699717,0
72970097,0
93875198,1
56049007,1
11254893,1
61596684,1
64684055,1
81095386,0
13128717,1
64332749,0
38032942,1
40678395,0
21776503,0
94197582,0
43551825,0
11353867,0
21004118,0
66849308,0
28004716,0
89268653,0
22172026,1
25326765,0
73347989,1
58673538,0
20425809,1
36245233,0
70714631,1
79780256,1
49289494,0
4208081,1
67759312,1
19439865,1
7478275,1
53340705,1
16835324,1
22372484,0
56313233,0
27213328,1
84027814,1
40018375,1
72644330,1
35118501,0
33778845,1
10814222,1
51415185,0
21323589,1
83217980,0
63882639,1
43939842,1
86126078,0
88625443,0
7124049,0
72500935,0
36031260,1
52245208,0
96367202,1
31689921,1
71854920,0
18979312,1
13032345,0
97680269,0
98225738,0
5459938,1
51111196,1
38319444,1
20946104,1
80334049,0
71408643,1
63614657,0
66116219,0
85948378,1
61980854,0
64532057,0
36503319,1
43976962,0
63033048,0
83427342,1
26096740,1
95384828,0
15476291,0
29412988,0
19457273,1
89832284,1
37398620,0
31872701,0
80585790,1
10055880,1
12697882,0
65049167,0
23701543,0
45448008,1
94328553,1
44429375,1
83000664,1
20999735,0
31453935,0
27160518,0
93106302,1
84608176,0
17319846,0
75488443,0
15592985,0
51827388,1
29001858,0
59367123,0
2761357,1
1946162,0
27066085,0
17033704,0
23920319,0
8222311,1
34004806,1
2664251,1
42052798,0
8491771,0
47917298,0
8710127,0
79541861,0
62479510,0
27166161,0
36855090,1
56587321,0
47923929,0
19695860,1
42469382,0
34138544,1
18753299,1
18870871,0
59948285,1
21643657,0
23654718,0
59465550,0
27290681,0
2394791,0
44056676,0
18925330,0
88699095,0
93481965,1
41765138,0
7871833,0
26396826,0
58951062,1
97979839,0
55375985,0
23371909,0
73752386,0
70969281,1
78951974,1
51241705,0
22899,1
19164890,0
507059,0
8477993,0
81908367,1
30509442,0
18432893,1
77237200,0
22646103,1
62633923,1
8176780,0
16493417,0
49789613,1
80482582,1
13054202,0
20861887,1
53194608,1
89447063,1
84307346,0
15528477,1
38584018,1
57934561,0
95038861,1
19519989,0
69642352,1
15621022,1
72898145,0
52227989,0
40003904,0
36895172,0
11007795,0
61471947,0
38735257,1
59916938,1
70356080,0
53690172,1
47092943,0
67146223,1
37733305,1
51559141,0
3484746,0
21305398,0
96650105,0
36768582,0
6905027,0
58593900,0
97821577,0
19780347,1
44832124,0
78047859,0
44362723,0
20308579,1
24612751,0
44867984,0
4626343,0
40773698,0
27075845,0
72944036,1
86206724,0
66039432,0
66255598,1
68301956,0
91301511,1
97232810,0
64950878,0
89930657,1
91410708,0
81848197,1
58933544,0
27015485,1
10499284,0
15982939,1
78715837,1
57161466,1
33767380,0
96447294,1
83685209,1
45901668,1
72920418,1
7431256,0
7611417,0
2779522,0
14694355,0
44681594,0
27388228,0
93010676,1
43174611,0
58357698,1
79462450,0
93685024,0
14260146,0
5319411,1
70350764,0
12547506,1
98727590,0
68955791,1
62125514,1
62713360,1
17293191,0
80559852,1
59296612,0
59587766,1
72269954,1
24901582,1
52118920,1
19961643,1
93535963,0
71180934,1
4457491,1
66288933,0
21052918,1
1970657,1
4529686,1
12254881,0
89450517,1
59284472,0
95269128,0
99596323,1
32541186,0
96280753,0
82133712,1
88242125,0
76781413,0
59189911,0
10767925,0
71866206,0
45152701,0
82997781,1
46438232,1
74373906,0
7615738,0
17515894,1
47336085,0
7543476,1
75940748,0
23786676,1
12896717,1
83274022,0
66531409,0
1081993,0
5634804,0
199565,0
69173215,0
98174056,0
75470815,1
82974932,1
49477207,0
36689402,1
46977616,0
40616415,0
26782922,1
95150782,1
60287765,1
35361066,1
53640363,0
27502998,0
79610861,0
25992094,1
38253999,0
31557648,1
19702350,0
72515811,0
96174415,0
15404394,0
59463808,1
1709422,1
74617138,0
75662337,1
38714155,1
82226612,1
35994248,0
1340586,0
46308869,1
94434454,0
63782297,0
87400553,1
32242229,0
77078020,0
47089167,0
2530030,0
32842179,0
26971094,1
20299386,1
36187758,0
38874433,0
5917486,1
92929073,0
37633014,1
84522298,0
75450308,0
87503598,0
13004560,1
10747474,0
99678028,1
92507159,1
75982866,0
45148559,0
65908463,0
15975329,0
94574329,0
49281143,1
6226624,1
7768600,1
71008417,0
65885502,1
46437397,0
61870738,0
97662652,0
80615194,1
79843482,1
74460130,0
12911069,0
44477280,1
53889704,1
84055591,1
56374882,1
86616986,1
82496360,1
82776368,0
51483897,0
11294007,0
74683509,0
51404232,0
23251829,1
25486872,0
72106418,0
3904838,0
4538769,0
32588368,0
92910743,1
33182077,0
46684787,0
73103742,0
17456490,0
19736513,1
82876786,0
36250065,0
38169826,0
40933716,1
60955945,1
29513554,1
26422855,0
5389007,0
4165519,0
30473321,0
98153319,0
58475331,0
84689647,0
25321237,0
56999759,0
73148685,1
65057898,0
11604095,1
81110905,0
53947351,0
3893227,1
54781719,0
14349913,0
24831298,0
75983006,1
34188805,1
78276278,0
15809747,0
63847776,0
3067830,1
68186112,0
62471330,0
84382825,0
78796877,1
5648805,0
18177248,0
11080771,0
18523734,0
1361923,0
9554115,1
32608982,1
14474509,1
24234439,1
23188394,1
28104824,0
77957372,0
40369946,1
54539271,0
81865667,1
95514822,0
12193461,1
5993610,0
58283353,0
3928556,0
41870088,1
80264771,1
7839132,0
36683330,0
79161157,1
19186106,1
56680782,0
12856049,0
45249788,1
95396762,1
65825905,1
84378201,0
71368917,1
60591036,0
66561175,0
39516922,1
54372264,0
24481195,1
9139247,1
66917518,1
54771356,1
2163249,1
42621506,0
64560739,1
56816315,1
65343106,0
79480581,0
48192892,0
38902029,1
46562431,0
76417408,1
30866161,0
49453167,1
37657997,1
4972273,0
17732747,0
42096,0
68714935,0
364063,1
30729438,0
71977032,1
87629740,1
12338797,0
37585644,0
74294115,1
58638926,1
59921856,0
37525073,1
64405149,1
58935084,0
6238596,1
31015690,0
13664173,0
27923962,1
80112843,0
48270893,0
73075602,0
7142110,1
63159770,0
74533847,0
74053223,0
94449657,0
51496523,1
89808284,1
3396239,0
73319163,0
57804707,0
56178851,0
45999021,0
47623554,1
26418445,1
6314083,1
28513779,0
91924772,1
74299321,0
76151984,1
20850914,1
52846368,0
39009829,1
22355453,0
10413542,0
46054402,0
94272314,1
89923306,0
98438095,1
67448735,0
506931,1
86504832,1
58163335,1
14169381,0
15307012,1
45678863,0
87949693,0
27883649,1
66967190,0
25210429,0
46386937,0
46111401,0
104032,1
29333322,0
61990656,0
77013069,0
92934575,0
35536197,0
56053006,1
86075363,1
93472541,1
98165656,0
69396837,1
1013875,1
41962980,1
60679412,1
36169723,0
34927861,1
41173950,0
55316382,0
76437144,0
78781337,1
81313537,0
68428908,1
4893642,1
85553162,0
24227698,1
3201299,0
11681378,1
50813245,0
23937820,0
90357754,0
5030933,1
95752671,0
34692356,0
64306331,1
95051059,0
35605730,1
35058414,0
42093341,1
3501973,0
76168127,1
42859567,0
30876671,0
36389053,1
52674999,1
65860007,0
15597795,1
21179768,1
10895224,0
33344906,0
14837954,0
901811,1
66277300,1
14821988,0
72010505,1
97246642,1
8848607,0
48933372,1
38436784,1
67708465,1
13575882,0
76229751,1
63723940,1
87979996,0
89001355,1
20573297,0
58044117,0
58410222,1
1420268,0
21653209,0
30421634,0
42839220,0
57577473,0
18598288,1
87620653,1
32849017,1
54268135,1
45421659,1
87627356,1
16419166,1
88713763,0
54373394,0
86034869,0
60867652,0
45864063,1
79435898,1
37390840,0
65831532,0
37925972,1
77597780,0
93741075,0
59235280,0
69924028,0
87663052,1
81061748,1
29895956,0
42845878,1
9605096,0
70680,0
18734965,1
85922560,0
20873710,1
93919839,1
83231379,1
42362670,0
54305536,1
5079439,1
99431667,0
89879339,0
64165885,0
75717360,0
41958575,0
50756711,1
79575302,0
52712832,0
23133617,1
40019446,1
84536809,0
6451329,1
43531035,0
26134385,0
10269885,0
45438179,0
48485269,0
72416522,0
30120877,0
53850584,0
41276924,0
46194979,1
96637590,0
14124897,1
3180911,0
43731279,0
43486791,0
37521219,0
3178734,0
75886803,1
21078650,1
68599726,1
32381332,0
7278173,1
93951993,1
49320792,1
39629543,1
40284997,1
4385561,1
23821386,1
11356888,1
82448293,0
62477395,1
88064904,0
16004843,1
3592058,0
96715995,1
71304842,0
53423439,1
624112,0
71985542,0
72558587,1
18670012,0
91998901,0
47264465,0
82540894,1
22319696,0
43750327,1
14189626,1
39942139,1
513162,0
42579266,1
14209820,0
39434625,1
28259242,1
40149306,1
57585028,0
69423041,0
75668252,1
52043244,1
6688106,1
33709652,0
66827792,1
11249127,0
28793526,1
44835468,1
66197314,1
26937271,1
74492329,1
97501965,0
61969731,0
67766235,1
15945483,0
54172427,0
28274036,0
29473888,0
7606330,1
39635352,1
87264960,1
33030858,0
96831191,0
12067626,1
12510907,0
77329472,0
26178078,1
50530494,1
52282436,0
98281239,0
80474021,0
51722802,1
33378448,1
87451106,1
32160059,0
49446707,1
24455454,1
71100796,0
67138881,0
71555182,0
7153661,0
13720727,1
73110872,1
96009223,1
42665801,0
63145287,0
56410727,0
87780866,0
42396248,0
32924337,1
57223330,1
38640666,1
4911203,1
7175187,0
68495904,0
35768528,0
36929618,1
450407,0
83734156,1
65870886,0
59343178,1
62926046,1
53342458,0
30827699,1
50414042,0
77530316,1
13642050,0
35909313,0
14664253,1
18962492,1
10171705,1
81709063,1
73828713,0
75025577,1
49663929,0
608230,0
77827914,0
87915272,1
33385473,1
3045827,0
90252666,0
31822198,1
14104664,1
97040719,1
2672564,0
72899509,1
86094030,0
67976637,1
96548039,1
92639142,1
53780419,0
45131907,0
61132751,1
76275019,1
70530157,0
28626810,0
48553900,0
81303642,0
60936749,0
83241615,1
68920219,0
40162652,1
74028248,1
58473809,0
94005442,0
5935382,1
76510478,0
25605832,0
65736030,0
54737892,1
48743209,1
24496856,1
49686522,1
14036897,0
30042746,0
94781153,1
60900358,1
1943360,1
30736211,1
93659963,0
15387560,1
13822007,0
62451459,1
52864373,0
47998342,1
72578493,1
8093190,0
11195829,0
10110730,0
29886547,0
47464006,0
65820723,0
53173484,1
18358597,1
91607630,1
65501081,1
95416220,1
47057470,0
80552815,0
20953227,1
86957027,0
92851143,0
27258116,0
84300454,0
48458257,0
20691853,1
22757461,1
90376934,1
5647120,0
52436023,1
73173719,0
43969966,1
53436966,0
12019706,1
77662388,0
2383708,1
19513764,0
94946230,1
94651527,1
35755821,1
48555372,0
37327059,1
53800437,0
44934830,1
66358761,0
85939459,0
94960306,0
18784555,0
24805329,1
25256271,0
33833317,1
96203488,1
89425841,1
95160511,1
71840653,0
26152657,0
35495565,1
31376915,0
76375245,0
3545192,0
33072201,1
84327544,1
86086483,1
6309281,0
86850650,1
3614441,1
80670685,0
17875998,0
24971994,1
24449837,0
11734416,1
92134780,1
53503199,1
39941059,1
89574960,1
17861663,1
54007895,1
91116705,0
11114169,0
44719963,0
25967949,1
70389410,0
76683414,0
62735599,1
95812175,0
74216002,1
45934953,0
83199735,0
18490455,0
22556651,1
4667262,0
69054650,0
41627313,0
99085258,1
46602381,0
19100322,1
70163233,0
54070232,0
56917927,1
16689751,1
53528212,1
20072776,1
81759045,1
16080959,0
46684516,0
4135970,1
42587346,0
87970156,0
68850779,0
92025122,0
27315506,1
50089194,1
36018364,1
30359516,0
28037756,0
65656334,1
35184261,0
60225348,0
57751865,0
74993292,0
31236013,0
22566303,0
25201360,1
47636043,0
74466136,1
24442897,0
34005631,0
7343989,1
76912391,0
99325652,1
7925539,1
97742695,1
3137260,1
63243545,0
68483342,0
17394948,1
95801693,0
97298691,1
82763573,0
84259499,1
89831475,1
90358536,0
28608046,1
64398310,0
5503018,1
19084264,1
126081,1
4636258,1
64981425,1
4412137,1
55666298,1
74515071,0
89627678,1
7617756,1
79709826,1
89003636,0
39158537,1
89182329,1
82741083,0
2275529,0
68362347,0
78115218,1
55156362,1
78935938,1
52872013,0
19546585,0
58458710,1
30088909,1
88299026,1
85408670,1
45652279,1
90342947,1
74259432,0
3653573,0
99195512,0
62319335,0
43509872,1
63418672,1
49292599,0
77106402,0
44335496,0
82020705,0
67164724,0
46728112,1
68025255,1
2305889,0
615954,0
53198762,0
88139187,1
13316918,1
90116988,1
86893722,0
31113562,1
85148152,1
53566215,0
36347318,0
94618839,0
43574541,0
98127642,1
31009144,0
84734394,1
22194322,1
40207348,0
14396005,1
52161579,1
91977740,0
48544484,1
43380877,0
47883013,1
73496527,0
3090511,1
23373318,1
27757443,0
74920867,0
11677380,0
84391984,1
78743091,0
76632544,0
51628161,1
79560229,0
54113876,0
66221676,0
50817066,0
44597234,1
95965185,0
31118768,1
62963930,1
44857168,1
19218689,1
59961850,0
1316496,1
7174462,1
23690692,0
76921879,0
56896548,1
56019765,1
61844784,0
95861431,0
26620887,1
43017820,0
4906390,1
84772069,0
48281795,0
97892387,0
27270006,0
33697437,1
33802958,1
71628575,0
94395091,1
4328276,0
78911563,0
18232705,0
34296689,0
76592072,0
69910844,0
55691138,0
8576527,1
68859452,1
31606195,0
42358186,0
11416905,1
39688662,1
54723442,0
37889298,1
20083228,1
36409056,1
92100655,0
75837505,1
8997105,0
28403177,0
26385344,0
51330264,0
72603738,0
85894840,1
29063772,0
78048489,1
30461006,0
55302990,0
13883186,1
25709662,0
61339718,1
56496020,0
18894090,1
81623686,0
66875893,1
47589997,1
53426018,0
72518587,0
99967537,1
16591133,1
90831629,0
14401707,1
58656137,1
86068326,0
43999420,0
13857434,1
34504470,1
32488063,0
21232816,0
78545921,0
7194458,1
45406547,1
97302250,0
26206148,1
35633792,1
88757297,0
19327580,1
38536207,1
85592941,0
1600833,1
99159786,0
33357929,0
91582559,1
89038920,0
87860557,1
93831724,0
14525059,0
98804574,0
24270899,0
42445327,0
68183337,1
26979327,0
23969519,1
94503917,1
15033734,1
53624598,0
96755245,0
30180671,1
87823426,0
90934286,0
13748035,0
21717441,0
28558979,1
17637572,0
12598453,1
13529871,0
53455317,0
34102387,1
17605074,0
90628704,0
25624254,0
60434263,0
34455995,1
12281103,0
20171368,0
27879640,0
33091659,1
7808483,0
39208460,0
58955297,1
89054081,0
53839754,0
877421,1
45649988,0
8293832,1
58152776,0
96383408,1
16447728,1
45084590,0
81413578,0
56356110,0
82027598,0
57758138,1
95213230,0
10645422,0
69118176,0
69273181,0
65826992,0
73389576,1
34200809,1
44992736,0
17543160,0
50501881,0
78157637,1
10890438,0
41599422,0
87542010,0
75721743,0
49608669,0
64038277,1
42711403,0
5783535,1
75999247,0
54809595,0
59569869,0
60133208,0
86749148,1
39233919,1
31098199,0
2172915,1
86650713,1
84954119,0
49334729,1
86738648,0
45371529,0
23796437,0
58423516,1
84744766,0
68393649,0
82315725,1
94205618,1
7764729,0
55342159,0
50450948,0
56969603,1
58807405,1
54760611,0
96237837,0
6966699,0
55732914,0
94181516,1
13419115,0
24116864,0
17518271,0
73016129,0
6291054,0
64089475,0
19457255,1
61160097,1
10004871,0
55444022,0
31611324,0
99771592,1
66498262,1
46637679,1
39760766,1
85365990,1
8043822,0
24456696,0
58025001,1
55231038,0
11139526,0
26033848,1
65463633,1
79073096,1
80552096,0
59295357,1
16958651,0
20133260,0
47116529,0
63206393,1
69036228,1
36607877,0
50925799,1
22422408,1
8359045,0
88912505,0
67934707,1
5450195,1
13195994,0
15121468,0
88400649,0
33226253,0
16704747,0
69980397,1
91679053,0
19751035,0
126935,0
76084504,1
68901242,1
88098080,0
69196717,0
10818467,1
91187991,0
76166690,0
82933740,1
19651575,0
75844510,0
39942446,0
58868771,0
47550723,1
60748585,0
9443030,0
4763393,0
71084861,0
42101009,0
28821289,1
2428102,1
98214863,1
22013956,0
86337937,0
20984307,0
60901649,0
99352981,1
32245044,1
87937371,1
63154712,0
34026442,0
38603818,1
98998782,0
75764715,0
26264346,1
52847004,0
9105198,1
75345598,0
6673556,0
44349687,1
16342382,1
95905538,0
40877619,1
19018635,1
81327466,1
90775337,1
78101015,0
67394175,0
29184546,0
4287022,1
71101599,1
90541594,0
59506410,0
42672294,1
98514293,1
1846496,0
75211941,0
39270809,1
16226085,1
24964917,1
36207264,1
12307571,0
66761122,1
41019412,0
36036773,1
85195014,0
15531589,0
17346481,1
11561813,1
70267911,0
87519015,0
79965972,1
80935004,0
68105467,0
7590031,1
81226381,0
59020153,1
50859909,0
91906022,0
59622365,1
85967320,0
35255941,0
21520140,1
15762885,1
8833326,1
65721806,0
35459529,0
30737905,0
18360110,1
32820811,1
32990734,0
52560289,1
95921679,0
37605127,0
47849005,0
29686205,1
88698231,0
13828654,0
63656904,1
69088918,1
20124569,1
82615859,1
64759433,0
65638914,0
19710548,0
84238892,0
71704226,1
67046686,0
95392284,1
38397584,1
85591112,0
4218020,1
98255844,0
46591098,0
75504397,1
74526250,1
92084712,0
27312913,0
1386526,0
57620272,1
46510267,0
14392168,1
63603210,0
79668349,0
54530288,1
53602656,0
55575472,0
60146904,0
87913983,0
55665294,0
35565236,0
6916077,1
72148337,1
26447881,0
34529340,0
58447251,1
7346340,0
42415929,0
51568678,1
71996272,0
10071732,0
90963493,0
13204747,0
52531468,1
20433495,0
56601597,0
36733811,0
79375864,1
37694414,0
49239668,1
95954140,0
2535068,1
73551346,0
8623898,0
30715845,0
52562263,1
25827034,1
96303321,0
93980764,0
23823898,1
16442855,1
76960318,1
89593527,1
33525212,1
95005455,0
79751499,1
50799692,0
67888328,1
79115962,1
11109587,0
92917530,0
35755271,0
76888933,1
51406373,0
97103193,1
52830129,1
21825497,0
92816517,1
76448946,1
67591093,0
33253357,0
31321804,1
40834612,0
43381506,1
89637426,1
73480392,0
86754120,1
82370878,0
76442569,0
74069243,0
60723549,1
99046294,1
80072232,1
68536701,0
18806555,1
17685580,1
87269377,0
74079587,0
97017346,1
4613012,1
10574425,0
94454524,1
41074726,0
1965128,0
85029718,1
72518333,0
86650997,0
71331226,1
52228846,0
6633860,0
95623488,1
55732447,1
11479064,0
20395638,0
29861821,1
13826611,0
6847796,0
51954843,0
30518246,0
82669739,0
99315139,1
29346927,0
60443927,0
59866223,1
59946820,1
55236314,0
8871805,0
22234245,1
49465841,0
70261572,1
54993223,0
47077505,1
22975715,0
44345086,0
31556072,0
96638154,0
42059673,0
15881446,0
32508398,1
68393860,0
96501153,1
58948598,0
83310079,0
81283163,1
65212654,0
61494555,0
99172426,0
75663219,1
62536924,1
43757703,1
63171651,1
47650332,1
67617882,1
34518413,0
95115678,1
36277671,0
60237497,1
34417413,1
17437813,1
82683388,1
70596339,0
11358754,0
85331558,1
63439723,0
11653939,1
83886289,0
89576281,1
5418418,0
8409250,0
1521146,1
16910920,1
83576484,1
99415717,1
13003554,0
35995375,0
62584963,0
70192661,1
53059491,1
43194961,1
65952527,1
36345199,0
13590968,1
62111449,0
75600622,1
45026868,1
26214523,0
81669205,1
14196903,0
43022550,0
88260849,0
70398779,1
27651645,1
64121750,1
40989881,0
38891925,0
13431883,1
10490454,1
69847265,1
65368200,0
90641486,1
87098793,0
11288915,1
7176153,0
43934285,0
43468734,1
40890358,0
88177630,1
16745107,0
74084028,1
25126328,1
68668328,0
83762897,1
6193106,1
75615871,0
98578475,0
34077523,0
5932441,1
73691073,0
10835381,1
49509133,0
40833841,1
72569152,1
26042080,0
1610310,1
80487395,0
22613150,0
39281445,0
63146644,1
21131912,1
35890375,0
30552032,0
21256734,1
44379362,1
21264160,1
31276731,1
82826768,0
68916137,1
85028283,1
37676504,1
69471053,1
67717770,1
56621899,1
19455514,1
77366344,1
39302487,1
5008485,1
33000362,0
75392408,0
97619321,0
19809073,0
21905258,0
3439732,0
60344266,0
27982146,0
99568688,1
86605233,0
10831740,0
59396981,0
71383179,0
32026301,1
10607076,0
49666606,1
96554723,1
96848105,0
79190098,1
39138734,0
75841500,1
41463776,0
74901875,0
60234996,1
17662250,0
12187862,0
76996086,0
14572195,1
74918483,1
34267314,0
28184149,1
27841890,1
69494630,0
94873813,0
86285564,0
9416140,1
69092210,1
70729497,0
78850370,1
50865469,1
34490133,0
40133468,0
40322944,0
47756382,0
32897584,0
94365096,1
89797932,0
55837388,1
64103974,1
14027711,0
23916705,1
58017201,1
90605584,1
83048651,0
66223021,0
79080894,0
6913631,0
52451335,1
29435365,1
27295018,0
82817122,1
32497751,1
41690086,1
28921296,1
10877395,0
58227469,0
95175801,1
39286513,0
65624593,0
47620156,1
97634522,1
29793264,1
2102941,0
3690050,0
21724802,0
93860479,0
85914875,0
98301999,1
30263305,1
21978009,0
96258144,0
60701974,0
50251185,1
5027133,0
92374778,0
421322,0
61981162,0
93230237,1
57042753,1
97051329,0
14123285,0
88935077,0
32245326,0
44030076,1
68938674,1
13871004,0
91476454,0
69448329,0
41783890,0
76125828,1
44107368,0
68986697,1
6914241,1
38223980,0
73189788,1
92745074,0
95815406,0
18550989,1
45099272,0
13221041,0
89937916,1
69570928,1
30330726,1
9667257,0
33533787,1
19498296,1
4256687,0
53084435,1
74479692,1
76582767,0
14030201,0
84973550,0
73723907,0
75393627,0
39330065,1
93247406,0
11724036,0
20396219,1
66676781,1
17610658,1
60413996,1
70838258,0
54856133,1
68065080,0
80638494,0
662157,0
67135024,0
3468151,1
24259983,1
2775618,0
38661959,0
98702494,0
84132078,0
55474607,1
57210145,1
18450058,1
44567100,0
21276897,1
78136227,1
47406846,1
496551,1
10832516,0
24171198,1
64499477,0
18139443,0
54669253,0
48527973,1
78187671,0
24163664,1
50544213,0
76858275,0
87542711,0
2890058,1
80575461,1
96325605,0
9060208,1
69930822,0
60470683,0
6898820,1
52616100,1
13799180,1
14552261,0
55846338,1
20519875,1
85564481,0
13604102,0
38886866,0
68575960,1
5310051,1
89281745,0
44837780,1
70204320,1
99136122,0
64806636,0
88975739,1
91351085,0
54862658,0
74445325,0
11535483,1
99177185,1
28457115,0
95497852,1
38195677,1
49300566,0
96503820,1
64456915,0
89267243,0
55803006,1
8403849,1
69705338,1
12914046,1
56343077,1
80952413,0
81673597,0
65943371,1
33486286,0
87328907,1
57745281,1
5607565,0
80417676,0
98809072,0
55514131,1
97474899,1
31232290,1
33743239,1
26093478,1
53137982,0
88816014,0
51502229,0
42845330,1
73122071,0
45745541,0
4058604,1
19262133,0
16233088,0
12041525,0
96259175,0
58963441,0
76958479,0
16949486,1
84314817,0
15971667,0
331590,1
7544591,0
36005457,1
48537787,1
64687471,0
54180380,0
68743861,0
5478802,1
5462230,0
10384721,1
92403086,0
68918342,0
91390597,1
90393281,0
31370687,1
16008976,0
6349212,0
13186622,0
3951925,0
34906347,1
22473210,0
84345871,0
46702579,0
70679460,1
89148969,1
78551097,0
39026145,1
39472448,0
42974849,0
97599541,0
17831625,1
70581780,1
65223281,1
38583291,0
67917142,1
51519325,0
63898901,0
85600496,1
18816938,0
65995806,1
22321124,0
58929635,1
66385759,0
38906402,0
26647236,1
46967136,1
84435817,0
43393393,1
55906283,0
28148350,1
86318735,0
41967480,0
31007942,1
1044883,0
41920328,1
24112213,0
48881517,0
88943100,0
91223020,1
99140726,0
3630439,1
5067196,0
47696289,1
10600725,0
45934273,0
69465540,0
87231936,0
86069414,1
13888373,0
86318641,0
72007493,0
82386026,0
36023549,0
50667664,1
72189750,0
70326020,0
7664058,1
45149703,0
62772670,0
61855287,0
45969483,0
65825574,0
14974851,0
58383596,0
10681267,1
1914718,1
66463862,0
55587376,1
91758479,1
72482237,0
42568320,0
26069968,0
55756474,1
78791390,1
63294650,1
1018926,1
23858374,0
39411409,1
40592211,1
75668143,0
96245965,1
43024497,0
80723592,0
12591110,1
87252636,1
87761130,1
35454596,1
6793144,1
52078118,0
78889198,0
54439107,0
60356424,1
17659964,1
21678642,0
56957993,1
77255210,1
16351435,0
39477875,0
24775071,0
84826852,1
90308191,0
25492100,0
22626948,0
41072402,0
11840983,0
74656705,0
94211522,0
66997100,0
97409356,1
5487033,0
27651375,1
44204936,0
52926,1
24603855,1
35143337,0
52344048,0
68219654,0
46055066,1
47708756,0
20856837,1
17698452,1
24379703,1
94426973,1
80412249,0
11060478,0
92338287,1
76644413,1
35237670,0
98614981,1
89488789,0
16771902,1
33755262,1
82632277,1
94748565,0
22370499,1
9072964,1
13234632,0
12611230,1
26965510,0
77774787,1
37098067,0
68145896,0
64391067,1
98727667,0
52326300,0
96062802,1
62912334,0
19786531,1
92353645,0
92137488,1
52198993,1
28336212,0
90684787,1
57945424,1
74207455,0
65278915,0
22383728,0
47848512,0
19938453,0
8569972,0
40993149,1
17275036,1
81522114,1
37193871,1
29187893,1
87103619,1
38165217,0
12235801,1
13775509,1
31086720,0
27082563,0
60940299,0
59831043,0
21865651,1
34068814,0
43720214,0
17281851,1
35050262,0
74231858,0
10376412,0
14887515,0
11089937,0
12746284,0
46923945,0
92178591,0
18331794,1
72874855,0
85699963,1
32141746,0
66877270,1
16542862,0
57582865,0
72125209,1
46685497,0
63169283,1
50891156,1
53840744,0
74864399,0
34989116,0
66862432,0
47668940,0
16481372,0
42886037,0
58806196,0
28995112,1
28753,0
15341897,0
66985041,0
54326193,0
19030022,1
38291598,0
18649620,0
52912963,0
36598627,0
95933705,1
10930506,0
34039951,1
6845060,1
11983092,1
6506671,0
25484406,0
39182077,1
58181810,0
79057931,1
39489228,0
50859777,1
80608679,1
64245212,0
90888151,0
59213988,1
58825459,1
66388543,0
94553454,1
68248058,1
26258118,0
42574062,0
86750398,0
74302527,1
42964024,0
76415680,1
98012854,0
83722421,0
70469083,1
20437650,1
48015680,0
83273854,1
91778277,0
6138865,1
79911454,1
12096448,0
79078066,1
65596907,0
33376169,1
81359610,0
15441779,1
20657474,1
69573062,1
9651531,0
44552764,0
67446321,0
81780909,0
95953841,0
49111754,0
9967570,1
49707389,0
34607303,0
59311178,1
96706392,1
56353574,1
8356198,0
32508028,1
49522162,0
56576080,1
42896317,0
96057039,0
38977682,1
18671863,0
66291595,0
90499028,0
21264678,0
12833442,0
73863744,0
43955514,0
19143789,1
1389092,0
25771743,1
24763937,0
88007478,1
23996109,0
63024289,1
62879520,0
83839911,0
14177005,0
85500243,1
48907168,0
45402722,1
72347452,0
10678387,1
31967438,0
54890147,0
61155470,1
6139126,1
46573073,0
45223278,1
87434552,0
33116523,0
5435992,1
69368089,1
73410167,1
606275,0
30456579,0
67478814,1
45374753,0
91853399,1
82730490,1
88082678,0
19237958,0
38314654,1
45083298,1
66990882,0
32486485,0
1263601,1
97886931,1
8114563,0
20873616,0
11455048,1
75852835,0
76987147,0
97623546,1
36903185,1
76682945,1
65613676,0
64689698,0
90594795,1
93622268,0
84671984,1
17904208,0
82794833,0
4230897,0
63145794,0
53683044,0
31433889,0
1622018,1
78445041,0
52110711,1
20142136,0
65895165,0
76021120,0
72576299,0
47172123,0
28373881,1
22358256,1
84830384,0
8241160,1
27067408,0
4976466,1
84565455,0
14848931,0
2861450,0
71342712,0
96933345,0
59901772,0
49179809,0
1844176,0
71045231,0
15173207,0
81303857,1
80946966,0
36100475,1
41201999,0
65862647,1
24161695,0
16753848,1
78910271,1
23316819,0
95032259,0
43966144,1
86227295,1
96649358,0
82705270,1
95522133,1
59894674,1
67900960,0
1071870,0
83418405,1
99770379,0
88600980,1
75634261,1
11218538,0
6252294,0
81610811,0
96967129,1
24879326,0
40240304,0
18123320,0
59268754,1
3385982,0
523568,1
48635897,0
27930607,1
86550087,1
89748062,1
39941957,0
97162773,1
32550221,0
78155779,0
10377190,1
90398087,0
43974358,1
67484084,0
21045545,0
2132533,1
8816632,1
90945628,0
31052070,1
43592606,1
89625038,0
1745827,1
74901600,0
41931341,0
2158881,1
76313641,1
42473263,1
38720236,0
26675316,1
39567641,1
58812686,0
39931409,1
23345904,1
61240380,1
48906860,1
20525342,0
4637485,1
39879959,0
34992100,0
88957769,1
30929391,0
21747074,1
30886297,1
4879397,1
65495599,1
84219131,0
36892830,0
76340243,0
53689693,1
64443795,0
42357588,0
54271008,1
22053688,1
48078250,1
6085926,1
28369355,0
9451749,1
47588079,1
29354976,0
83227940,1
85796585,1
43132001,0
12710845,1
25686522,1
78693783,1
68159369,0
94848009,0
71310841,0
17850899,1
59639001,0
59605485,1
17005865,0
43496917,0
85212498,0
49933875,1
63524020,1
99770777,1
21891862,1
61734363,0
67923421,0
92625133,0
32190333,0
42929877,1
30931047,0
57638428,1
22478214,1
64779546,1
28881211,1
82180153,0
16367800,0
6402566,0
69744606,1
83086202,1
58167338,1
80835412,0
17674010,0
26681643,1
37623604,1
74823918,1
60703794,1
82926300,0
75393406,1
99800531,0
44552122,0
43820289,1
89509820,0
69124433,0
37578780,0
57546321,1
89185088,1
96064320,0
2611317,0
82777756,0
85121096,1
81234262,0
74877015,1
21816186,0
95740089,1
4068743,0
28415664,1
27698582,1
58798619,1
79552722,1
7712208,1
30388707,0
49154469,0
39816059,1
94183560,0
34211107,1
63584479,0
77958234,0
40527658,0
76869749,0
45201436,1
25355724,0
29279448,1
19714725,1
10063530,0
962405,0
11032699,1
51366752,1
6094078,0
263605,0
64094297,0
5838549,0
36191280,1
23963963,1
12095826,1
54611490,1
27210701,1
59507821,1
61958659,0
28350897,0
38467091,0
27339246,0
62752470,0
77986847,1
55526835,1
92554046,1
28205332,1
73534440,0
61701375,0
38349962,0
86543582,1
37392838,0
50907611,1
85032270,1
33532077,1
80723184,0
27360511,1
25941092,1
61227365,1
12720003,0
52217135,0
22181157,0
95779125,0
61800954,1
14984900,1
37039392,1
79100940,0
68958958,1
90610997,1
45313401,0
9300822,1
71464131,1
28099819,1
52264373,0
56016545,1
37556658,1
10812965,0
18948724,1
16804239,1
79899668,0
27636980,0
25373233,0
64312699,0
22594058,1
9200964,1
43954966,1
57232590,1
94222600,1
52950663,0
27024566,1
24690468,0
57035618,0
67126343,0
30078206,0
67487740,0
95854057,0
16387172,0
72610880,1
67383493,0
32351629,0
89859827,0
27648833,0
79384060,1
44080874,0
46529764,1
72923403,0
6335360,0
75829708,1
26180886,0
4095398,1
83571788,1
48968676,0
99080708,1
90493352,1
12697071,0
23152188,0
84720563,0
85194196,0
6509235,0
47655286,0
26069192,1
77755850,0
31897554,1
96225304,1
63734056,1
8200905,0
36725209,0
23566557,1
35028097,0
15057364,0
80235715,0
66097631,1
82702959,1
71068851,1
88735938,0
85490501,0
44263303,0
55775954,0
65874033,0
34518390,1
92731609,0
75210690,1
20429748,1
12678722,0
99383287,0
81173369,0
25655152,0
70665012,1
81157586,0
10331386,1
14129852,0
3493020,0
19560967,0
54933571,1
98488344,0
63000811,1
77600546,1
50664842,1
82483973,0
23587379,0
30800315,1
94223809,0
55046733,1
63800365,1
29334516,1
93533984,1
34759886,1
46352874,1
75586727,1
92193428,1
6761809,1
96274348,1
62140058,0
3990151,1
31515556,0
26332070,1
27678812,1
91212486,0
13963532,0
10058778,1
79651450,0
19174877,0
86200774,0
3314739,0
18711616,1
4894221,0
78581679,0
13841185,1
61714852,1
581481,1
77175145,1
99069308,0
48481421,0
46011296,1
14850892,0
34229303,1
48046974,0
17188865,0
12965529,1
33266369,1
37037318,0
84691218,1
19534721,0
25617927,0
4466684,1
98329283,1
45639804,0
13641759,0
44083494,1
82744791,0
81216094,0
91060809,0
52522078,0
2762123,0
49662300,1
92701198,1
2529698,1
18762843,1
53495460,1
30701406,1
48161744,0
5119545,0
77259781,1
91227453,0
36340963,0
2952449,0
41585945,1
31916733,1
76497916,1
38698737,0
44213163,0
80573409,0
86889622,0
24506144,0
85070032,0
17217421,1
7977162,0
18646751,0
17891979,1
76469565,0
46534625,1
46227111,0
79097237,0
97671163,0
56243418,1
29536165,1
28285774,0
38821057,1
59243316,1
25824526,0
70826950,0
79386658,0
28745131,1
18345402,1
90022565,0
89072628,1
48041843,1
98165114,0
23687631,0
43362215,1
44876755,0
64368728,1
60317359,0
17637161,0
76957101,1
8109575,0
6051223,0
280339,1
79565843,1
15768193,1
16080835,0
49578249,0
68382273,1
6622273,1
40617555,0
48356845,0
47748238,0
35638869,0
69713869,0
3862472,0
60931905,0
46319037,1
90997823,0
25296226,0
78130384,0
42912369,0
41504414,1
38496050,0
49714964,0
14786519,1
79686363,0
77520174,0
57299055,1
20001425,1
14651755,0
16981134,1
82367351,1
38451399,1
9745763,0
68308642,0
76012643,1
72171405,1
12139199,0
1851193,0
35101936,1
98606572,0
66962059,1
66104573,0
48647125,0
5552193,1
41206871,1
49004865,1
63935351,1
34860287,0
73632143,0
30258254,0
8671950,1
40515468,1
58659032,0
97168481,1
69407297,0
98457709,0
19259366,1
99063716,0
73868652,1
84075783,0
93412388,1
26777510,0
54871418,1
4905824,1
53335617,0
64496934,0
92618452,0
83873734,0
19235833,0
46850338,0
90890195,1
54740363,0
11701078,0
92485998,0
52441398,1
61621763,0
676214,0
58838715,0
75050629,1
2314154,0
13333685,0
50107590,1
81807030,0
79913275,1
1747627,0
42337032,0
70306921,1
7846872,0
21492846,1
21590602,1
9872815,1
68766575,0
74812250,1
70174467,1
72724146,1
5528601,0
24630028,1
97818506,0
5352934,1
36389576,0
68965368,1
18020299,1
39794425,0
43045496,1
88478780,1
7361878,1
81099335,0
68119671,1
13863600,1
80168324,0
77354267,1
55336329,1
324850,1
13712785,0
14158276,1
62684352,0
47113842,1
2470443,0
31198894,0
4402209,1
15150934,1
21606094,1
53832869,1
21823356,0
66132744,1
73287480,0
91589936,1
76419677,1
79124749,0
97912435,0
9325949,1
22148028,1
92817587,1
86444262,1
88183213,1
48204560,0
51907756,0
50762315,1
93278289,1
52496612,1
67237463,0
82346103,1
74519316,1
94986039,0
61108040,0
64085428,0
63091006,1
45808990,0
47384938,0
50243089,0
64936619,0
32750544,0
60133658,0
14361176,0
84947745,0
31319332,1
35434608,0
69970853,0
51052611,0
94983152,1
94808966,1
20754997,1
34699380,0
69832318,1
38155492,1
91404684,1
44138364,1
59709496,1
48819028,0
84117437,0
76974831,0
85285100,0
96567084,0
16214146,1
31056945,1
97967511,1
70705317,0
85273426,0
46404954,0
21567965,1
68395511,1
90848766,0
96328771,1
49156377,0
95015222,0
8860759,0
78298740,0
78025217,1
38162306,0
63156799,0
31506833,1
4754475,0
55833430,0
9541655,0
53301400,1
83973752,1
31179867,0
40868214,0
20460239,0
98168552,0
46268500,0
68306351,1
82259377,1
22680180,1
88294190,1
9193138,0
76437448,1
56746360,1
38976924,0
91616522,1
70655767,0
28651612,0
95099518,0
4154393,1
96470094,1
82683344,0
61637426,0
29741450,0
48214869,0
28657498,1
18977893,0
12908901,0
82904633,0
27656366,0
28519778,1
55703722,1
62574131,0
54397214,0
77655748,1
27811928,1
59073462,0
99452850,0
53983155,1
73041938,0
8228823,1
12908885,1
24713158,1
55726430,0
36490114,1
59472846,0
56879277,0
72311347,0
68473833,0
30783172,0
46266430,0
65981094,1
218079,0
77529223,0
85840059,0
60825967,1
92579895,1
73839090,0
49674069,0
43637663,0
4530354,1
98506725,0
34022336,1
232342,1
38559782,1
88445977,0
99206692,0
77800578,0
96761685,1
85853498,0
47629403,1
96372458,0
59726841,0
52220754,1
97204638,0
1563913,1
87229439,0
52167480,0
7967711,0
71573572,0
88498735,0
29712583,1
74653671,0
39697640,1
96217967,0
39052021,0
64000461,1
63164136,0
69993837,1
54504035,0
12509777,1
41485331,0
46272734,0
47927293,1
20483961,1
12646472,1
40250598,1
98259659,1
22198975,1
14480573,1
33849666,1
16918320,0
28290770,0
69303302,0
20857038,0
80529711,0
80776562,1
20559299,1
68410574,0
70135813,0
65154870,1
10702887,1
11227474,1
33930512,0
10344936,1
10206133,0
58955524,1
31504602,0
86053380,1
14771683,1
28394536,0
38961098,1
7804718,0
83542242,0
94160907,1
26687666,0
18915256,0
7579423,0
29889678,0
3219895,0
74170220,0
75908759,0
52518893,0
50959455,0
60123411,0
90159845,1
66020115,1
44338675,0
90265357,0
60894440,1
83036519,0
43442929,0
32382604,1
6092042,1
59406178,0
16536678,0
98960303,0
1658650,1
2734888,1
3015012,1
22164725,0
26852291,1
31780482,0
14564793,1
79211748,0
87047604,0
11321790,1
6314385,1
47746315,1
55516258,1
36694774,1
68979981,0
61689992,1
10166707,1
53929554,1
21357866,1
46221647,0
32707409,0
62870006,1
75166368,0
48877373,0
33755556,1
49770263,0
82535947,0
8283288,1
69913615,1
7102003,1
81827403,1
99612816,0
57224158,1
69742166,0
78763802,0
62863030,0
98408171,0
86127425,1
72090768,0
95751931,1
76817755,0
11356541,1
17634947,0
31038673,0
65311903,0
69829611,1
49409143,1
74523192,0
48603296,0
15386233,1
9745595,0
60474902,0
5501127,0
27503129,0
99401292,0
708350,1
61830325,0
55974429,0
25596058,0
7142686,0
37604175,0
63231475,1
19599329,0
73776618,1
52282240,0
55721022,1
18718602,1
36829859,0
78858518,0
98518962,0
89621917,0
62330713,1
97167287,0
16203811,1
21901417,1
6318474,0
96956522,0
83428147,0
38064758,0
2354882,1
45215768,1
80689446,1
76804225,1
12526703,0
89829743,1
15042508,1
22506854,0
34694987,0
49522533,1
95049233,0
15796340,0
84170310,1
48635606,1
14134377,0
87608659,1
6927639,1
21910127,1
83275391,0
54177701,1
89793661,0
25767031,1
54086500,0
19170445,0
52617099,0
62010406,1
15384947,0
59096539,1
29945082,1
91661754,0
51285559,0
64961212,1
81704039,0
26125439,0
81375535,0
30545522,0
15678379,0
57804546,0
27086597,0
98674425,1
19382701,0
66729391,0
70287217,1
87167659,0
5427708,0
18516500,1
46709084,0
71875844,0
63255282,1
99041905,0
11576588,1
32342676,1
60229410,0
8440186,1
15789572,0
76293656,0
88473880,0
23846566,1
57807356,1
531522,0
91426374,0
80884793,0
47268746,0
94734120,0
69743356,0
61599694,1
52551169,0
63826837,1
5542744,1
68390056,0
41373183,0
78729471,0
93921287,1
15898915,0
5675257,1
29686952,1
24144144,0
9106768,1
58193397,0
8681587,1
65605432,0
35648066,0
38051836,0
66755798,1
10229977,0
85817775,1
30428096,0
91010140,1
88308284,1
11447347,0
33754176,0
79873414,0
60665824,1
19525358,1
28205335,0
53900195,1
78587445,1
75281100,0
15392798,0
99230639,0
56167905,1
93014616,0
15584488,0
60893507,1
57258174,1
58379242,1
38561717,0
42268246,0
38134287,0
70003910,1
56661848,1
12044720,1
6317738,1
11585045,0
37681861,1
78421887,0
12995896,1
57139036,0
54394198,0
53969420,0
18590160,0
54246151,1
30120513,0
29298771,0
14257147,1
34614838,0
78958375,0
42399034,0
50793398,0
80682584,1
13491189,0
7172931,0
96477182,0
75599132,0
84954803,1
80603751,1
40586220,0
65817315,0
94845190,0
67675487,1
28916471,0
30991940,0
15548583,1
89750103,1
67648409,1
41513625,1
81003678,1
86377597,1
2040479,1
68099692,1
76235908,0
88862322,0
44167113,0
5373287,1
34760720,0
2873570,0
99859464,1
22474552,1
61539071,0
9109443,0
23953673,1
15347446,0
76034809,1
65002718,0
35680778,1
35915513,0
33953527,0
58380578,1
47732111,1
78934051,1
47674446,0
74863124,0
34376895,1
8802446,0
60084182,0
75669940,1
63300474,1
10646582,1
21572799,1
36834549,0
62818334,0
28902452,0
46084699,0
20157946,0
72402034,0
6051980,1
91977655,0
80298679,1
25621948,1
3938875,0
17060000,0
41440128,1
82047088,0
2480913,0
52345169,1
78890894,0
91374393,1
85026441,0
72103230,0
14040287,0
52660827,0
7352986,0
3707094,0
96091345,0
14366449,1
50082887,1
44706920,0
72131112,1
71631423,0
18609856,0
19149664,1
5687203,0
4356982,1
2162737,1
17216285,0
80583738,1
19654396,0
27237946,1
36170142,1
1704698,0
7738080,0
49083272,1
74227535,1
9718695,0
32420629,1
29032857,0
73907136,0
68617599,0
25114146,0
27773183,0
58070888,1
72455580,0
30843349,0
69788889,1
88587695,0
73280982,1
38129216,1
84184580,0
60890229,0
3299846,1
6915128,0
12070296,1
37211421,0
98081021,0
86158591,0
53296399,0
92391674,1
55707532,0
70707572,1
91188693,0
22856441,0
94500594,0
66565999,1
31694584,0
98247285,0
28900337,1
24339986,0
3597913,1
61386658,0
94461607,1
78439787,0
40707596,0
4267627,0
5155879,0
12725274,0
69782718,1
3404369,0
91998647,0
31490560,0
98373939,0
30872087,0
34878810,0
93487974,1
7516658,0
86574143,1
57866323,1
75829830,1
70446038,0
86098000,0
6779155,0
73672459,0
65554798,1
84266858,0
51842514,0
97585827,0
95872489,0
35759636,1
25055219,1
13632967,1
88649211,1
71973473,0
85159859,0
21711616,0
62939779,1
19350485,1
64953765,0
91843603,1
36269079,0
38054517,1
80550801,0
98432201,1
29482649,0
49495176,1
11122702,1
77916307,1
46792402,0
88331346,1
82584293,0
60487311,0
5301702,0
99787257,0
68673641,1
49631342,0
52352880,1
34391438,0
68060506,1
4923294,1
36576755,0
81254872,0
22852194,1
34267056,0
69494290,0
38475040,0
45454679,0
24666275,0
54645432,1
87031529,1
45114439,0
6528607,0
98770246,1
29593738,0
88335984,1
11819140,1
10720023,1
97502932,0
22838344,0
50932485,1
56420506,1
14222226,0
20757503,1
79692896,1
97917024,1
36120209,0
60688335,1
26799830,0
29223112,0
77023107,0
45614970,1
75487548,1
71171908,1
24484220,0
22383843,0
5063156,0
39308561,1
41419039,0
35824382,1
56146979,1
1877899,1
76282911,0
54410582,0
29385630,0
60561601,0
14191306,1
50615998,0
48831714,0
81286022,0
38289668,0
49931217,1
15158844,0
74003300,1
42021247,0
86344405,0
38557984,0
13704599,1
76297011,0
64663396,1
31991173,0
29663240,1
42774007,1
26459187,0
14593180,0
29268985,1
38384643,0
11528415,1
25167349,0
97744456,1
4454576,0
74921898,0
54964210,0
49367407,0
41850875,0
90456190,1
66878421,1
59597576,0
54165779,1
33085214,1
41634417,1
53591955,0
28313403,1
99254041,1
68461637,0
31898094,0
72324787,1
65026370,0
529504,0
91188012,0
61069717,1
69068274,0
47495766,0
78028657,0
97090468,1
61745236,1
12284205,0
51718131,1
61264546,1
4651740,1
26171763,1
40861147,0
71673925,0
31479063,0
17232316,0
1575030,0
41559287,0
62086113,1
87187640,0
59289503,0
4074949,0
8415834,0
353313,0
77283676,0
99692933,1
43147536,0
25748744,0
58819313,0
66647597,1
40240853,0
75616801,0
14128185,0
38844212,0
94698767,0
20731831,1
69669151,0
96581439,0
58547140,0
21544548,0
84816141,1
44582602,0
75064651,1
21055771,1
94849312,1
76280977,0
39781026,1
23110094,1
55326928,1
2216764,1
29453966,1
93626858,0
41857086,1
82978948,0
93259428,0
19811752,0
74555637,0
8632588,1
43855654,0
53089550,1
56213640,0
81863717,1
68601490,1
58433783,1
74289663,1
98795310,1
83378138,0
13695605,0
47035157,0
54520189,0
35115054,0
56570145,1
27046864,1
5524414,0
73736701,1
21910148,0
36671455,1
225025,0
49682012,1
35494033,0
87618406,1
93894696,1
24871230,0
84956768,1
44812638,0
12794352,0
85036381,1
6030492,1
45316463,0
77998686,1
59169205,0
80928297,0
8021143,0
69955140,1
14945938,0
14571241,0
43703272,1
98013779,1
91380704,0
89918715,1
86377946,0
34921197,0
89016400,0
25457344,1
66342931,1
94803765,0
69726054,0
19856837,1
29208509,1
45119322,1
21392336,1
35923987,0
1370532,1
51787541,0
63270283,1
956512,0
87574305,0
58961598,1
78109597,0
92541025,0
58501218,1
56404702,1
63173644,0
85186488,1
94918561,0
34950701,1
85198450,0
31119279,0
8329675,0
64926716,0
76419440,0
71900602,1
45991797,0
29102670,1
20084189,1
20126923,0
51610137,1
1945885,0
44075338,0
19409011,1
46911703,0
14808847,0
4791094,0
8400970,1
60350405,1
6903543,1
22808924,0
83996849,1
35314223,0
37415294,1
41396508,0
16893207,0
7196791,0
55913070,0
93089643,0
19479786,0
24093456,0
78612665,0
52386241,0
80989339,0
22717722,0
18864557,0
66702639,1
68337372,1
52912415,0
72159306,0
14307675,1
56133719,0
5593208,0
31129760,0
8358210,0
30019933,1
79792871,0
22895111,0
43964595,0
69286894,0
60265571,1
19231543,0
58725654,1
48318891,0
94969511,0
90859530,0
17035523,1
48846477,1
14481189,0
42394871,0
75182873,1
12570806,1
96915138,0
91729538,0
35087876,1
88877409,0
17427240,0
86266095,0
29699632,0
53937108,0
58777592,0
49914960,0
55451710,1
76983562,0
85494965,1
89442192,1
76951783,0
66801222,1
95871708,0
67137605,0
50510175,0
31371860,0
63151507,1
99490958,0
2802378,1
93818432,1
48057553,0
91809786,0
63974778,0
86124516,1
1848866,0
85654049,1
33554688,1
10003267,0
58878219,0
74775707,0
23436847,0
6429626,0
452658,0
48843075,0
73016217,0
97586875,1
38919443,0
18211024,0
94622028,0
9531382,0
18104975,1
96655243,0
8828213,0
21387357,0
60637668,1
7841704,0
81021159,0
26064554,1
3399566,0
24260808,1
67044735,0
15400383,0
11842227,1
91391942,1
41180368,0
23124291,0
1877761,1
88200120,0
21489898,0
78446910,0
72176587,0
76695883,1
23348169,0
82486592,1
15254530,0
24093135,0
12842184,0
50834253,1
11702148,0
58370483,1
89597970,1
92386953,0
82535943,1
91223616,0
4741880,0
38462191,1
4512522,1
99472961,0
80958348,0
31958617,0
17041637,0
51375674,1
80410334,0
4202815,1
9915657,0
54712278,0
44487260,0
95281518,1
66639275,0
32676912,0
17073428,0
86419792,0
20738719,1
46939260,1
50846777,0
27403912,0
63325893,1
78859723,1
29206794,0
85182401,1
8443180,1
24276209,0
22570682,1
93322758,0
2368868,0
24675912,1
61024099,1
10810592,0
89562088,0
43073236,1
31685969,1
83805343,0
92579944,1
44377050,1
76172708,0
99583528,1
60185238,1
28655555,1
43935211,1
76758933,1
99848367,0
74230661,1
35824020,0
25804863,1
93149548,1
2691374,0
4951447,1
61225043,1
28826381,1
50795482,0
69532010,0
35902375,0
50872782,0
89575735,0
29862509,0
21376110,0
40508757,0
21287712,0
45729557,1
6839194,1
96907636,0
39408508,1
529117,0
10693331,0
46523355,1
37964005,0
70750678,0
93329466,1
93358981,1
17574120,0
96830612,1
43519913,1
76691078,1
63229039,1
78513961,1
25101388,0
96991635,0
7902956,1
9712394,0
20958532,0
52741895,1
20694145,0
5119289,0
65205704,0
89762855,0
44741704,0
93280648,1
90791793,0
76181618,1
63627959,1
58866054,1
21096604,1
65120627,0
55318991,1
58059741,1
2410540,0
75974772,0
47441784,0
52884677,0
68389637,1
57873964,1
2338817,1
8247744,0
59500559,0
7817146,0
19309710,1
39083383,0
41839943,0
43758609,0
13126579,0
91354706,0
41315036,1
14719845,0
73342030,1
51139844,0
85940494,0
90804662,0
40776977,0
71923630,1
28904587,0
78293319,1
80551039,1
37705292,1
18351390,1
86117626,1
35424652,1
60015661,0
18911055,0
6918821,0
88953742,0
77292008,0
16920927,0
85356295,1
98597524,0
54522584,0
35468564,1
42081665,0
2916768,1
75685549,1
75974406,1
27890966,1
28069036,1
26516339,0
69821480,1
68443364,0
49787894,1
28739329,0
83639253,1
40759116,0
59626458,0
80961223,0
53781809,1
87108711,1
62275096,0
37671369,0
94529296,1
40017672,1
59129528,0
61314860,0
34929323,0
68310946,1
83342877,0
86475916,1
37837169,0
24560423,1
72230568,1
48159253,1
66191490,1
21417943,0
47075678,1
10789064,1
79810881,0
4593707,0
27015107,0
90510411,1
33842444,1
71349808,0
83810118,0
73699334,0
49592643,0
87201361,0
66285252,1
36945615,0
16840276,0
48853469,0
96360944,1
61043656,0
42246782,1
1513266,1
59661557,1
17757519,0
80521010,0
41856666,0
84162328,1
12803072,0
24479386,1
52012871,0
83605292,0
1004170,0
92404238,0
94437220,0
30666489,0
96621653,0
70160767,0
73845410,0
33162672,0
88538376,0
21548426,1
1925153,1
25425843,0
93302462,0
31037037,0
51314515,0
66311481,0
84389511,0
31752875,0
50179294,0
3754181,0
36194681,0
53876581,0
84351524,0
50399956,0
22374050,1
90002893,1
56763905,1
27939088,0
81541373,0
60859227,0
18967458,0
66644039,0
33403953,0
27713834,0
76145298,0
16405988,1
14404397,0
29097966,1
92056129,1
28583055,0
15652973,1
73580723,1
89498932,1
84981788,0
50351422,1
96353147,1
28300035,1
21962984,0
58481484,0
80467457,1
61014136,0
45155363,0
49193197,0
1310584,1
90726215,1
52503545,0
76329106,1
25017022,0
18642891,0
19630540,0
59362844,1
23468341,0
99008296,0
95014754,0
45151678,1
85739449,0
69366778,1
19536306,0
18627936,1
72506783,1
23447115,1
28723660,1
95136516,0
87507449,1
65472977,0
10159490,0
47413283,1
52900428,1
88597570,0
68610623,1
26622748,1
19636258,1
70336609,0
88238142,1
84486951,0
95990549,1
63144735,0
99387107,0
89159978,1
88860811,1
32152707,1
37159481,0
26624856,1
81727350,0
82824610,0
32117514,1
23899213,0
4472275,0
10794338,0
5000075,1
42468580,0
25604069,1
3058403,1
3886317,1
50449089,0
49838867,1
7507788,0
73331236,0
95787259,1
99102528,0
18155281,1
49857540,1
70537342,1
8942066,1
62986066,1
76475250,1
13026435,1
24686076,0
32731041,1
5005306,0
10657243,0
76644983,0
98960635,1
9736073,1
61941411,0
57399758,0
70368897,0
54445476,0
95435661,0
41674124,1
34995998,0
90458610,0
96989631,0
78695523,0
73572131,1
97720531,0
49355130,0
22233287,1
87756517,0
32366852,0
98976404,0
88608582,0
69608221,0
38950034,0
47299886,0
15747982,1
64671404,1
29175248,0
5620371,0
62715587,1
78093242,0
78808508,0
30059991,1
62668918,0
93217261,0
8467346,0
81015865,0
12730223,1
61466009,1
69491655,1
77928940,1
35247086,0
1976337,1
47746953,1
62199454,0
34114030,0
18235022,0
73316627,1
66778394,1
44905775,0
38761511,0
47908242,1
71596696,1
26448357,0
43077073,0
90600873,0
94754447,1
6715387,1
54888680,0
97513388,0
31401853,1
15503089,0
4661902,0
65883320,0
5961422,1
70500222,0
74904159,0
10066310,1
57523145,0
94654972,0
97330461,0
13422446,1
78025742,0
91549330,1
3401355,0
49238589,1
38797521,0
29542906,1
65765985,0
47757166,1
93453966,1
40830138,1
6842158,1
47662108,1
78002711,0
89506286,0
50186683,1
51355051,1
79704528,1
53290104,1
34704395,0
38912164,0
30309015,1
53938226,0
89342360,0
29939230,0
82810713,0
63956178,0
11377460,1
22291599,1
34529715,0
33153217,1
26431393,0
91453656,1
79837941,0
67267524,1
95606586,1
54152743,0
16015698,1
77058473,0
50116492,0
74599931,0
77979812,1
98078016,0
772334,0
23603973,0
96834905,0
58011867,0
28839991,0
51204755,0
12614648,0
1297829,1
98969269,1
46966804,1
39128769,1
73472247,0
36223985,0
58414796,0
86896046,1
29843082,1
66477600,1
31126033,1
30994379,0
34188654,1
11967399,0
90524119,0
84203039,0
49219531,1
20323121,0
40944775,1
73635483,1
47355978,1
32864914,1
11596802,0
5931846,1
43339307,1
38513795,1
38761946,0
40035863,1
55515806,1
3638357,0
3258145,0
20336527,1
9814308,1
19443014,1
82778889,1
35499455,0
29672592,1
37140818,0
6463540,1
82005177,1
30393055,0
94756196,1
61102970,0
8134877,1
86287779,1
60269873,0
51749542,1
74508021,1
47880011,1
96223252,1
81677726,0
85268880,0
36489564,0
60354929,0
93000047,1
98415152,0
2381924,0
14114778,1
49400875,0
29918219,0
83454098,0
95705188,0
293048,0
39258858,0
3598742,1
5133168,0
48822343,0
47637073,1
92914370,0
55738677,1
14466652,0
58400259,1
93911343,0
6543228,0
49191324,0
74517726,1
7423280,0
19568391,0
38332437,0
52886082,1
44172322,1
83014080,0
90724534,1
77815647,0
78397547,1
65097836,0
34304847,1
6411933,0
22015177,1
13083218,0
4165598,0
80325599,0
90219583,0
91643970,1
25985539,0
42016444,1
52989826,1
96867679,0
43795979,1
49639290,0
42380127,0
8739208,0
6147623,1
5436835,0
9192624,1
92430984,1
8885733,0
95132309,0
87271576,0
61247290,1
44763290,1
50246144,1
19960805,1
24842934,0
47830665,1
43128661,0
5144740,0
21819416,1
43838131,1
60533423,1
38189786,0
17941785,0
28654147,0
89480887,1
86638945,1
4803344,0
59583266,0
47387353,0
40421301,0
92867029,0
44643000,1
63610244,0
98585990,0
18699655,0
22483333,0
41299625,0
46531075,0
581281,1
57399824,1
90934830,0
47240029,1
93844352,1
17995188,1
75669588,0
45231624,0
40589519,1
8554153,0
13476395,0
78929600,0
44933295,0
63840263,0
79853021,1
81170477,1
46385782,1
8556253,1
1593734,0
24505439,0
82177385,1
24862277,0
27445666,1
91104008,1
11224986,1
54651306,0
47613054,1
97672162,0
56224368,1
18552071,0
29886887,1
40759789,0
49913634,1
21250617,1
37150939,1
74592590,0
76345668,0
49760703,1
39513209,1
83939025,1
63408177,1
23703756,1
88189065,0
15569246,0
77094156,0
46769155,0
82806948,1
600423,0
62166549,0
97885663,1
97963238,1
6566340,1
96725385,0
1157982,0
94488523,1
66517978,1
10376120,1
97803699,0
98672611,1
7935433,1
86359371,1
42855746,0
52929977,0
26232239,0
5009599,0
41801454,1
12721595,1
57192854,0
55373427,1
65151079,1
9426491,0
86660128,0
67070728,1
26497278,1
75538766,1
9363735,1
22818488,0
99638467,1
41795069,1
57723725,1
20224017,1
77217130,1
40823032,0
31850028,1
94554365,1
48355809,1
13771461,0
61271772,0
85304095,0
23509423,1
46937261,0
28170344,1
18053122,0
34973727,0
91030492,0
45338523,0
33031859,1
66338233,0
17217359,0
96937355,1
65061144,0
62233373,0
51038752,0
94750550,1
24644305,0
5908926,1
12547172,1
53158342,0
19383241,1
11639778,0
34203643,1
6933973,0
24173769,1
28137542,1
61971706,0
17502871,0
92659530,0
73657227,0
91453110,1
27708166,0
52244578,0
67365860,0
13360507,0
39055422,0
40783985,0
5069744,1
48079721,0
99900908,0
55116419,1
43394138,1
62052700,0
93618063,0
55454267,1
27931627,0
34338435,0
34817051,0
39155224,1
37309301,1
79963186,0
14596151,1
80120933,1
60721060,0
6040453,1
76012945,0
34708457,1
97968421,1
10373501,1
77527234,1
70871229,0
71324242,1
38850010,1
11946025,0
96330456,1
40016038,0
59780583,1
31097536,1
29916755,0
91060698,0
40503988,1
82215023,1
69818496,0
26030145,0
64836990,0
32395603,1
33943155,0
39202472,0
30959921,0
7793842,0
64810400,0
95888024,0
97477397,1
63983547,1
82956992,0
41732684,1
25453268,1
48425709,1
13637870,0
16143064,0
14907076,0
85015901,0
26535260,1
13532732,1
5160597,1
77690856,1
72075588,1
79738792,0
41829163,1
54517796,1
61739699,1
75134631,1
74185104,1
96345516,0
81925661,1
90005965,0
19888718,0
95909249,1
25589416,0
19309943,0
77167567,1
59461135,0
90759904,1
68079988,1
54891333,1
33560660,1
5990895,1
999976,0
30705292,0
43455997,1
8062673,1
92410631,0
32346573,0
74676188,1
86722270,0
91848348,0
33875138,0
31367396,0
29398575,0
45171289,1
67167838,0
67969801,0
43892754,1
86022407,1
99367057,0
49475237,0
1843439,0
92340374,0
73617207,0
22082015,0
47605424,0
47279064,0
38755942,0
28653494,1
86577350,1
32930555,0
81626,0
86573039,0
86961621,0
16542264,1
76380054,0
70411664,1
87111044,0
16799312,1
16730077,1
53928953,0
82650535,0
14918729,0
63881871,0
13724038,0
85179388,1
84235447,0
5721604,0
41042283,0
1451952,1
36473105,1
31744352,1
61148103,1
98330637,1
21982855,0
19287737,0
12630779,0
70523346,1
10364899,1
18022583,0
96862534,0
10403659,1
91935267,1
56697757,0
64863044,0
24599816,1
23607341,1
68202044,0
68182157,0
37371201,0
17171343,0
18654396,1
77335574,0
1469034,0
94926357,1
27976780,0
57193714,0
75650930,0
70404261,1
77726496,1
33600817,1
72765143,1
47465679,0
45911713,0
46549491,0
12258138,0
99034437,1
69919173,1
2666365,0
81359030,1
36218838,0
38392545,1
69988527,1
59454656,0
31904123,0
38648002,0
65055799,1
96828410,0
59964562,1
13885997,1
4891400,1
64250664,1
92204515,1
83073886,1
12064455,0
63936802,1
99089758,1
90958842,1
89497781,1
99683064,0
80197904,0
91862593,0
32471303,1
58903102,0
67391213,1
35111431,0
53456653,1
28328519,0
36441585,1
91845211,1
46784787,0
97187090,1
84304115,1
32588771,0
75972046,0
85799976,1
2898546,1
92401013,1
81898549,0
28628523,1
78772251,0
88588034,0
70148734,0
73931563,0
14264900,0
14976384,0
73653887,1
87459636,0
67989047,0
43361095,1
45859594,1
13935326,0
50996081,0
70938867,0
70834923,1
63100096,0
78395007,0
70749448,0
46862332,0
5444680,0
27527765,0
43296158,1
53883700,0
93524721,0
88505830,0
40610322,0
29854323,0
99568707,1
6280463,0
2865095,1
36489134,0
99877835,0
72283014,1
68376742,0
64404394,1
9822227,1
89440657,1
12450114,0
4696786,1
45987069,0
2366066,0
46250913,0
46521865,0
84860898,0
16977754,1
31974499,0
66452942,1
44744771,1
95460765,0
11056834,1
42728732,0
7219212,1
87735379,0
48546267,0
5740936,0
39481753,0
78833879,0
543628,0
69414449,0
61457824,0
28096679,0
22068186,1
36583343,1
99217405,1
89442238,0
22060157,1
23088012,0
39205540,0
18935779,1
84580153,0
16509297,1
70379828,0
20166346,0
34983892,0
30385681,0
64816448,1
73241034,0
20976392,1
29666324,0
12773836,0
97297666,0
23405588,1
53793243,1
61172279,1
57373605,0
79077776,0
59562228,1
83739553,1
24052169,1
11449765,1
60537691,1
61339818,0
67053105,0
94939343,1
35303027,0
3765322,0
93629004,1
51303724,1
14246947,1
14826116,0
44782802,1
73713185,1
39081921,1
92857381,1
43657092,0
12500141,1
15253284,0
26605300,0
62142740,0
21627669,0
62820104,0
8650969,0
57195308,1
94632271,1
39977171,0
96571821,1
14505893,0
31789814,0
35966536,1
23478097,1
68530030,1
56338669,1
9897478,0
91210508,0
27173892,1
60773228,0
66158300,1
95055476,1
16671263,0
71353914,0
23868804,0
76026954,0
91942377,1
56920877,1
90900035,1
19888863,0
42572886,0
55035599,0
59553546,0
58123469,0
56406465,0
48119333,1
15683076,0
35116878,1
12095671,0
17130516,0
22344304,1
16167490,0
8596945,0
50689632,1
14835466,0
73021485,0
2152989,1
68939124,1
51624135,1
75692529,0
39531056,1
9044015,0
19582357,1
67298834,1
79246108,1
40142061,0
68910084,0
52931764,1
58210299,0
55712183,0
9870684,0
9690524,0
17241534,0
82270827,1
73872662,1
77762327,0
20845773,1
26930576,1
70672864,1
4870694,0
1361341,0
37487258,1
58686638,0
67550128,1
79903635,0
85841930,1
79973951,0
69917117,0
81307680,1
71870167,0
61116638,0
99864691,1
78428645,0
21901780,0
44107485,1
52277412,1
69406041,0
33797929,0
17862099,0
70912556,0
91951616,0
8159766,0
78441633,0
29791372,0
13584143,1
14481681,0
56621830,0
96212196,0
52228494,0
66954517,1
92545103,0
17389182,1
23221160,0
20930910,1
66685376,0
117556,0
70651209,1
61483401,0
65801943,0
15673882,1
23898185,0
93635530,0
54115697,1
64310958,1
49667378,1
24006859,0
24419000,0
38966443,0
54729297,1
19792342,1
68277469,0
76366172,1
15381290,0
12022974,0
34174960,0
91803318,0
28375379,1
77873298,1
50065075,0
44075019,1
16273685,0
44927222,0
56025523,0
7132058,1
7923600,1
53708094,1
48289250,0
86405342,0
69049109,0
65864171,0
82928410,0
93697017,0
62646009,0
54161169,0
94588128,1
66802490,0
45730577,0
1713682,1
10796448,1
49774928,0
35284873,1
69302909,0
51528903,0
43833731,0
82758098,0
86403324,0
91473053,0
370258,1
70715100,0
50946087,1
53768625,0
56757226,1
33830046,0
77739891,0
99590294,1
7271267,1
83040169,1
19658089,0
98258022,0
87111015,0
64284043,0
70554895,0
30715299,0
41492540,0
39080514,0
84948604,0
45484912,0
30762465,0
23043170,0
22585431,1
38916664,1
34987850,0
92487531,0
94094826,0
49584873,1
65511553,1
62337216,1
61888608,1
86415099,1
29739892,0
52056979,0
5970979,0
28277955,1
56215561,1
61157299,1
70215017,0
85788214,1
87557382,0
87968850,1
12511084,0
51786443,0
87558766,0
54244935,1
2635248,0
9987500,0
80542808,1
90634231,0
73504380,1
1585299,1
95044232,0
77551525,0
61782607,0
19011675,1
75372287,0
82538809,1
77583591,0
86899061,0
28093553,0
6250312,0
95723152,1
96575251,1
91035980,1
68523842,0
99876778,0
50718795,1
78358949,0
97236127,0
70283901,1
47813751,0
28812820,0
77646806,0
71650312,0
56661668,1
81400054,0
58788921,1
95230476,1
66499894,0
62969386,1
29656101,0
18347957,0
21711483,0
39420644,0
26577616,0
57083713,1
18690123,0
62605812,1
15803958,0
82881815,1
84667527,1
91843324,1
16826344,0
74404121,0
90691671,1
30515388,1
16026721,1
59219623,0
65481729,0
87071173,0
85464738,1
47750610,0
58088415,0
57155985,1
50030112,1
46384577,1
48079409,0
2591328,1
53281050,0
11469033,1
9572517,1
8424966,1
18059478,1
37112887,0
60939191,1
74265888,0
84349819,0
72705908,1
84580352,1
52301817,0
8132064,0
5741996,0
42549493,0
55726098,0
21055430,1
39734000,0
54130102,1
43262359,1
9045235,0
46253147,0
87520315,1
36737618,1
19722469,1
94653578,0
48005065,0
95607690,0
91870738,0
62624043,0
70780820,1
18640023,1
277885,0
29268428,1
53779441,1
6264405,1
63577902,0
30396628,0
48153184,1
57374176,0
11841860,1
21694821,1
1093304,0
99267661,1
71022537,0
24440178,1
15206009,0
64708091,0
24405181,0
72343780,0
62693770,0
45548906,1
45006373,0
31613114,1
27580513,1
17178672,0
24494294,1
53695543,0
64869635,0
99201267,1
76882240,1
82497798,1
17915071,1
44764576,1
56547663,0
30976504,1
99625927,1
8009719,0
59701507,0
45690215,0
10230827,0
87750165,1
88992699,0
66189880,1
33040990,1
2134054,0
23071652,0
14930512,1
11835383,0
70060751,0
25676816,0
65042620,1
35799252,1
39772593,0
28051826,0
56912272,1
70939665,0
45860902,0
3484785,0
37165208,1
8768990,1
94815715,1
69560142,1
66887777,0
76892003,0
85577609,0
34328394,1
32922999,0
34555163,1
68831112,0
26807411,0
67466548,1
34365661,0
24711698,0
64208339,0
39813480,0
14016145,1
68179791,0
36734580,1
44780006,1
15864413,0
96275300,0
34288645,0
2501058,0
46095038,1
93518854,0
61477227,0
14205771,1
58289745,1
47718496,0
25858769,1
32358828,0
53854864,0
48632522,0
36290460,0
6687045,0
1451776,1
50345259,1
32404466,0
33167382,1
15230899,1
69107082,1
51232716,0
32523426,1
41200666,0
3046869,0
31421357,0
33006078,1
2476082,0
80543881,0
15354016,0
6987375,1
45627866,0
36095830,1
96066506,0
9298618,0
84226815,0
58760290,1
84696412,0
39920201,1
73495038,0
66368459,1
27466074,1
15407862,0
62466288,0
46571115,0
35820856,0
69593249,0
62631394,0
61689742,0
14301268,0
62124669,0
14587386,1
52277872,0
91437038,1
31418463,0
89492130,1
82763536,0
53612534,1
70630732,0
64791803,1
55922972,0
90191121,1
56698049,0
46933914,1
28910441,0
99506272,0
88221232,0
95918198,1
32159782,0
29498387,1
5617583,1
95433120,0
59018861,0
26414141,0
17403698,0
54749969,0
39942876,1
41543568,0
32587301,0
818174,1
94658132,0
20271030,1
79571948,0
51494513,0
53649415,0
57831174,0
50107404,0
31500378,0
9305117,0
97514276,0
61763298,0
23803141,1
12824902,0
52515447,0
13587967,1
62085471,1
5985987,0
50489467,0
71743833,1
67271773,0
8583485,0
94934934,1
63112086,0
64418922,1
39066230,1
95394912,1
80695715,0
87645685,0
33995503,0
62292113,0
90259565,0
64202031,1
60542588,1
38175551,0
99540926,0
87767714,0
99538589,1
31566800,1
89459212,0
93964544,1
46707103,1
25686628,1
4857390,0
24062324,1
26120775,1
7999946,0
66893240,0
62942921,0
21602746,0
54825867,1
83651372,0
40955904,0
21359349,0
82125598,0
18504401,1
34419732,1
38709240,0
53886935,1
9945756,0
37402527,0
59767689,1
69189450,0
8459203,0
94476461,1
18004471,1
33454252,1
26838412,0
28481202,0
99717689,1
43934664,1
70654803,1
58958646,0
49222601,0
56917053,1
37808195,1
9144745,1
78529495,1
23104892,1
77952668,1
28244152,1
89545472,1
82716193,1
64845466,0
97556299,1
4584304,0
95181935,0
32298189,1
14077395,0
38996744,0
97578903,0
26365531,1
78440405,0
95205845,1
24102800,0
37554689,0
8819230,0
62253980,1
59585814,0
24406160,0
68813350,0
99486577,0
71917632,1
51303175,1
26379578,0
66529254,0
34721436,0
89042948,0
3830602,1
99414663,1
34706066,0
27708461,1
18568009,0
88062408,0
83018259,0
43268472,1
43568986,0
2532518,0
8150077,0
96692116,0
55800752,0
31072699,1
26939527,0
22673314,1
94546161,1
24382422,0
78275041,1
87179099,1
648872,0
85877914,1
19410362,0
53749859,0
35914600,1
65603140,1
66076043,1
25519406,0
32820894,0
92955048,0
27990736,0
65352133,0
77002039,1
70720305,0
29451506,1
35333330,1
50957338,0
53131093,1
66085151,1
82889584,0
71298678,0
7098418,1
36634640,1
32756512,0
83186361,1
72118918,0
60425984,0
89442444,1
36599781,0
16594215,1
16152597,0
29326500,1
48962034,0
21709256,1
14154056,1
18872798,0
24898411,0
72748976,0
19869701,1
89580047,0
58157369,1
88319131,1
75910802,1
39366199,1
5501842,0
61313305,1
39975782,0
39618707,0
34454324,1
3298181,0
82848030,1
99331995,0
88789166,1
1066224,0
49753224,0
91235832,0
3754006,0
42121528,1
38791997,1
94098171,0
68428886,1
99100618,0
86806590,1
18780719,0
97087179,0
8903486,0
26909439,1
71829751,0
49219375,0
75028202,1
24214494,1
90417572,0
66837341,0
10758984,1
11376556,0
29190649,0
